customerID,churn_probability,predicted_churn,risk_tier
9497-QCMMS,0.9393166253044243,1,High
9300-AGZNL,0.9392984483399658,1,High
7216-EWTRS,0.9387355674760605,1,High
5178-LMXOP,0.9385428742718571,1,High
8149-RSOUN,0.9358133903162058,1,High
4910-GMJOT,0.93571094245849,1,High
0295-PPHDO,0.9353817822325858,1,High
5419-JPRRN,0.9348403837566929,1,High
3988-RQIXO,0.9332188314486382,1,High
6521-YYTYI,0.9310078653780405,1,High
0107-YHINA,0.9308513670835654,1,High
1415-YFWLT,0.9305184913284514,1,High
1069-XAIEM,0.930038994696464,1,High
5192-EBGOV,0.9285600323193841,1,High
4826-XTSOH,0.9279936703875304,1,High
7274-RTAPZ,0.927856425942782,1,High
3068-OMWZA,0.927418644419428,1,High
2725-KXXWT,0.9272435296785109,1,High
3722-WPXTK,0.9263693427289886,1,High
1455-ESIQH,0.9261842573356827,1,High
8775-LHDJH,0.926176139107953,1,High
3027-ZTDHO,0.9256098640011833,1,High
0970-ETWGE,0.9255906592405538,1,High
7577-SWIFR,0.9254162862931822,1,High
6894-LFHLY,0.9247873240149909,1,High
9248-OJYKK,0.9247424468532657,1,High
9282-IZGQK,0.9246931810025936,1,High
8603-IJWDN,0.92441197622492,1,High
4988-IQIGL,0.9242497324194758,1,High
5240-IJOQT,0.9241493699961523,1,High
0723-DRCLG,0.9240732182097506,1,High
3551-HUAZH,0.9239932153254234,1,High
4102-OQUPX,0.9237445506372723,1,High
1833-VGRUM,0.9230151467436516,1,High
8473-VUVJN,0.9229458568274546,1,High
9725-SCPZG,0.922734132824794,1,High
6513-EECDB,0.9226571709163278,1,High
4912-PIGUY,0.9224764804466001,1,High
1941-HOSAM,0.9224594881957099,1,High
6567-HOOPW,0.9220164151437158,1,High
6230-BSUXY,0.9216580124097324,1,High
8580-AECUZ,0.9215635229616024,1,High
4273-MBHYA,0.9207091750466408,1,High
0021-IKXGC,0.9206194854393119,1,High
2720-WGKHP,0.9206044884940484,1,High
3178-FESZO,0.9203768758741093,1,High
4424-TKOPW,0.9203424816790002,1,High
2609-IAICY,0.9191817646730502,1,High
8816-VXNZD,0.9187872987671414,1,High
4415-IJZTP,0.9186056611549003,1,High
5834-ASPWA,0.918381109777216,1,High
1452-VOQCH,0.9183478873469286,1,High
9787-XVQIU,0.9183475654928432,1,High
6358-LYNGM,0.9183447463530485,1,High
1157-BQCUW,0.9183408344927813,1,High
4844-JJWUY,0.9175059163907415,1,High
8375-DKEBR,0.9169249937719738,1,High
2636-ALXXZ,0.9169249937719738,1,High
4871-JTKJF,0.9169219653906343,1,High
7851-WZEKY,0.9168071531962934,1,High
0495-RVCBF,0.91652576260846,1,High
2506-TNFCO,0.9164604918435435,1,High
5550-VFRLC,0.9164512446086295,1,High
8062-YBDOE,0.91641427171742,1,High
7206-GZCDC,0.9163886502828787,1,High
7024-OHCCK,0.9163619269046388,1,High
5539-TMZLF,0.9162895068958332,1,High
2868-MZAGQ,0.9159382538478957,1,High
8058-INTPH,0.9151713331266245,1,High
4614-NUVZD,0.9151420142247058,1,High
5494-HECPR,0.9151274193634108,1,High
6457-USBER,0.9150675963069708,1,High
2004-OCQXK,0.9150314289673742,1,High
7180-PISOG,0.9149866811948083,1,High
8740-CRYFY,0.9146845069120526,1,High
5960-WPXQM,0.9146754933638824,1,High
2514-GINMM,0.9146349053652716,1,High
1761-AEZZR,0.9146303928561046,1,High
9300-RENDD,0.9146037928848115,1,High
5567-WSELE,0.9144674777150114,1,High
6023-YEBUP,0.9140626572859376,1,High
9057-SIHCH,0.9140392760983973,1,High
6496-SLWHQ,0.913991320018392,1,High
7181-BQYBV,0.9139433782664678,1,High
5597-GLBUC,0.9139074744610827,1,High
3158-MOERK,0.9136971201671351,1,High
7493-TPUWZ,0.913468022957866,1,High
8000-REIQB,0.9134078935568488,1,High
0679-IDSTG,0.9133468704388819,1,High
2202-CUYXZ,0.9132558762496235,1,High
5150-ITWWB,0.9132120423456664,1,High
7439-DKZTW,0.912985206422122,1,High
0318-QUUOB,0.9126435033850653,1,High
5299-SJCZT,0.9125386882680022,1,High
8051-HJRLT,0.9124108362738934,1,High
1846-XWOQN,0.9121647938523271,1,High
9605-WGJVW,0.912087651877073,1,High
9488-HGMJH,0.9119837039880107,1,High
3878-AVSOQ,0.9119776294310313,1,High
8372-JUXUI,0.9118891893661147,1,High
9603-OAIHC,0.9118713125016717,1,High
1363-TXLSL,0.911698052063501,1,High
8644-XLFBW,0.911519741749427,1,High
3049-SOLAY,0.9114424008950817,1,High
2545-EBUPK,0.9112978244399732,1,High
1400-MMYXY,0.9107094271285366,1,High
6356-ELRKD,0.9104200726784164,1,High
4695-WJZUE,0.9102991957828388,1,High
5277-ZLOOR,0.9101964423916133,1,High
3006-XIMLN,0.910081152877168,1,High
7594-RQHXR,0.9099976173674125,1,High
1977-STDKI,0.9099578518341228,1,High
2018-QKYGT,0.9099069310568819,1,High
7665-TOALD,0.9097401008075037,1,High
0488-GSLFR,0.9095705040566798,1,High
7660-HDPJV,0.9091858695432522,1,High
9728-FTTVZ,0.9091858695432522,1,High
6502-MJQAE,0.9091532624553914,1,High
1628-BIZYP,0.9091510255622861,1,High
7254-IQWOZ,0.9091495318962305,1,High
1820-TQVEV,0.9089800400191381,1,High
6457-GIRWB,0.9089350245549929,1,High
3428-XZMAZ,0.9089350245549929,1,High
4806-HIPDW,0.9088200006552934,1,High
5919-TMRGD,0.9087525502922529,1,High
4510-HIMLV,0.9086918849656589,1,High
3716-BDVDB,0.9086069027230526,1,High
4603-JANFB,0.9086047842097132,1,High
1393-IMKZG,0.9085933047428685,1,High
1447-GIQMR,0.9085557952749879,1,High
0684-AOSIH,0.9082835506840823,1,High
6996-KNSML,0.9075568743267488,1,High
5542-TBBWB,0.9073584134909125,1,High
9804-ICWBG,0.9073584134909125,1,High
5875-YPQFJ,0.9073584134909125,1,High
0754-UKWQP,0.9071362858243663,1,High
5052-PNLOS,0.9067133888397638,1,High
7409-KIUTL,0.9065878914038957,1,High
5167-ZFFMM,0.9062273631603142,1,High
5134-IKDAY,0.905763531767138,1,High
6653-CBBOM,0.9052085195244342,1,High
0328-GRPMV,0.9050560648002831,1,High
4702-IOQDC,0.9050560648002831,1,High
1031-IIDEO,0.9050489235341208,1,High
9546-CQJSU,0.9049549667722614,1,High
5376-DEQCP,0.9049528672774978,1,High
3244-DCJWY,0.904949284042504,1,High
1640-PLFMP,0.904949284042504,1,High
2446-PLQVO,0.9046268333072057,1,High
3494-JCHRQ,0.9045611145069141,1,High
7465-ZZRVX,0.9043482427708585,1,High
0259-GBZSH,0.9042176787392457,1,High
8098-LLAZX,0.903557278524082,1,High
5196-SGOAK,0.9033327931746515,1,High
4550-EVXNY,0.902785980133219,1,High
3765-JXVKY,0.9025883117308022,1,High
1374-DMZUI,0.902515540118664,1,High
1143-NMNQJ,0.902282693481099,1,High
0742-NXBGR,0.901893511099823,1,High
1853-UDXBW,0.901875309011827,1,High
4274-OWWYO,0.9011596765125297,1,High
4713-LZDRV,0.9011077215995691,1,High
3422-LYEPQ,0.9010600958029359,1,High
2446-BEGGB,0.9009955481760165,1,High
7294-TMAOP,0.9009622528355866,1,High
5797-APWZC,0.9009580170725985,1,High
2982-IHMFT,0.9008265529549759,1,High
6416-TVAIH,0.9007989825830561,1,High
6474-FVJLC,0.9007756709253962,1,High
7903-CMPEY,0.9005564578385779,1,High
1875-QIVME,0.9004215438597089,1,High
9223-UCPVT,0.9004023000946313,1,High
2034-GDRCN,0.900400255170832,1,High
9681-OXGVC,0.900147454574205,1,High
4929-XIHVW,0.8994739682883321,1,High
9399-APLBT,0.8985312572526787,1,High
8380-PEFPE,0.8973778260659078,1,High
4927-WWOOZ,0.8973699067632916,1,High
9124-LHCJQ,0.8972602625230216,1,High
2074-GKOWZ,0.8970543533081554,1,High
6857-VWJDT,0.8966700907915941,1,High
7120-RFMVS,0.8961464236210577,1,High
9885-CSMWE,0.8960912038980833,1,High
8593-WHYHV,0.8960117147388447,1,High
2656-TABEH,0.8959130507484844,1,High
1304-NECVQ,0.8953967799361,1,High
9944-HKVVB,0.8952249516555633,1,High
5564-NEMQO,0.8949605848837626,1,High
7817-BOQPW,0.8945937677218285,1,High
7503-ZGUZJ,0.8943616653997145,1,High
5054-IEXZT,0.8941685751498135,1,High
3318-NMQXL,0.8939397557011638,1,High
3746-EUBYR,0.8936557052505504,1,High
0637-KVDLV,0.8936473089407294,1,High
7314-OXENN,0.8933604619185065,1,High
8086-OVPWV,0.8933571331863411,1,High
6772-KSATR,0.8929738196934767,1,High
5186-SAMNZ,0.892563002613366,1,High
8775-ERLNB,0.8924704325111279,1,High
6108-OQZDQ,0.8924034290151219,1,High
6877-TJMBR,0.8920269700667202,1,High
9507-EXLTT,0.8909137417807014,1,High
4587-VVTOX,0.8907554436303873,1,High
8258-GSTJK,0.8899901208996108,1,High
7576-OYWBN,0.8899466606289518,1,High
6960-HVYXR,0.8897347182867671,1,High
6861-XWTWQ,0.8894137188687732,1,High
3276-HDUEG,0.889391953139253,1,High
1273-MTETI,0.8892529096597158,1,High
3519-ZKXGG,0.8891480721443585,1,High
4581-SSPWD,0.8891476416788404,1,High
3387-VATUS,0.8882279812528162,1,High
8884-ADFVN,0.8881431727760937,1,High
5393-RXQSZ,0.8880473016208171,1,High
1285-OKIPP,0.888012660685729,1,High
9611-CTWIH,0.8879709753723135,1,High
2777-PHDEI,0.887919394208057,1,High
9019-QVLZD,0.8879049547842812,1,High
2867-UIMSS,0.8877697063410239,1,High
6372-RFVNS,0.8875198822227657,1,High
9878-TNQGW,0.8875057241071911,1,High
6618-RYATB,0.8874760036852187,1,High
0702-PGIBZ,0.8871506532091313,1,High
1724-BQUHA,0.8870953912402302,1,High
4750-ZRXIU,0.8869435876008103,1,High
1981-INRFU,0.8868311934499238,1,High
0220-EBGCE,0.8866273394550799,1,High
6161-UUUTA,0.8865716078436127,1,High
3871-IKPYH,0.8864648841208826,1,High
4234-XTNEA,0.8861939007398847,1,High
4822-RVYBB,0.885900931878895,1,High
1618-CFHME,0.8855313414642577,1,High
3319-DWOEP,0.885332992211739,1,High
6350-XFYGW,0.8852394702673864,1,High
7938-OUHIO,0.8852278731468878,1,High
0235-KGSLC,0.8852157181899867,1,High
3707-GNWHM,0.8850406848357864,1,High
8414-MYSHR,0.8846950458793781,1,High
9025-AOMKI,0.8846225736716337,1,High
0390-DCFDQ,0.8846089334329119,1,High
0334-GDDSO,0.8844239188666894,1,High
1320-HTRDR,0.8839801764623324,1,High
5835-BEQEU,0.8837297948307199,1,High
4847-TAJYI,0.8836050316740338,1,High
1448-PWKYE,0.8834997203613753,1,High
2276-YDAVZ,0.8833428643499479,1,High
0137-OCGAB,0.8832145731269558,1,High
0404-SWRVG,0.8830647352152351,1,High
2012-NWRPA,0.8829481949200035,1,High
7218-HKQFK,0.8828540012280472,1,High
0781-LKXBR,0.882351800792622,1,High
8309-IEYJD,0.8823096222866147,1,High
3296-SILRA,0.8820433147857711,1,High
5275-SQEIZ,0.8818805964934424,1,High
0231-LXVAP,0.881821312694043,1,High
1624-NALOJ,0.8818060635813432,1,High
4529-CKBCL,0.8817484462208702,1,High
5380-AFSSK,0.8811960433455723,1,High
0329-GTIAJ,0.8811376515629479,1,High
2865-TCHJW,0.8810981809727818,1,High
8945-GRKHX,0.8809396564344804,1,High
7450-NWRTR,0.8807414262128632,1,High
3776-EKTKM,0.8807289355775891,1,High
2254-DLXRI,0.8806343590653619,1,High
3801-HMYNL,0.8806157887069646,1,High
4140-MUHUG,0.8803364480110341,1,High
2761-OCIAX,0.8801778902851467,1,High
4086-YQSNZ,0.8801653375297986,1,High
8821-XNHVZ,0.8800845150185743,1,High
2789-HQBOU,0.8796913458348947,1,High
3389-YGYAI,0.8792171766931253,1,High
1678-FYZOW,0.8789664901126963,1,High
7228-OMTPN,0.8787142430021098,1,High
4192-GORJT,0.878575765332488,1,High
9306-CPCBC,0.8784861624110807,1,High
4090-KPJIP,0.878396102560246,1,High
5419-CONWX,0.8780417767346195,1,High
9305-CDSKC,0.8776906861427599,1,High
1980-KXVPM,0.8776212909135382,1,High
3422-GALYP,0.8774953237047443,1,High
5318-IXUZF,0.877306844251508,1,High
3097-NQYSN,0.8771874975526781,1,High
4548-SDBKE,0.87689028291929,1,High
9689-PTNPG,0.8768558364588925,1,High
7760-OYPDY,0.8765337738970558,1,High
1915-IOFGU,0.87650631451922,1,High
7548-SEPYI,0.8764617401933015,1,High
4952-YSOGZ,0.8762827425692412,1,High
2990-HWIML,0.8761560462122687,1,High
2262-SLNVK,0.8761549033984938,1,High
9897-KXHCM,0.8760746547264919,1,High
3643-AHCFP,0.8759244593516511,1,High
2462-XIIJB,0.8758986559664359,1,High
7153-OANIO,0.8758805328360795,1,High
3177-LASXD,0.8758025489940462,1,High
4626-GYCZP,0.8757802964542039,1,High
3811-VBYBZ,0.8757643214224551,1,High
2013-SGDXK,0.8757046101589181,1,High
6910-HADCM,0.8756593914674745,1,High
3198-VELRD,0.8755076136340576,1,High
2660-EMUBI,0.8754565535409364,1,High
7074-IEVOJ,0.875444848521731,1,High
8161-QYMTT,0.8754340731272462,1,High
3902-FOIGH,0.8752880144601232,1,High
5583-SXDAG,0.8752821332431011,1,High
4759-TRPLW,0.8752730658189273,1,High
5159-YFPKQ,0.8745847107552851,1,High
9837-BMCLM,0.8744765750426028,1,High
2081-VEYEH,0.8744107963218197,1,High
7908-QCBCA,0.8742764193019245,1,High
2856-HYAPG,0.8742005440841617,1,High
0196-VULGZ,0.8741753363495404,1,High
9444-JTXHZ,0.874055115880396,1,High
9940-RHLFB,0.8739816297139953,1,High
5043-TRZWM,0.8739684878610307,1,High
3489-HHPFY,0.8739432013499578,1,High
2968-SSGAA,0.873752733047966,1,High
0697-ZMSWS,0.8736322039165589,1,High
6630-UJZMY,0.8735354174272494,1,High
6357-JJPQT,0.873266553649134,1,High
0897-FEGMU,0.8732113605199274,1,High
1455-UGQVH,0.8732051512822308,1,High
2024-BASKD,0.8731090990472528,1,High
4078-SAYYN,0.8726821269984415,1,High
2880-FPNAE,0.872587519960482,1,High
1768-ZAIFU,0.872521850364789,1,High
2516-VQRRV,0.8724744646768932,1,High
1389-CXMLU,0.8724371276812127,1,High
9317-WZPGV,0.8723452082846175,1,High
4228-ZGYUW,0.8721215610708946,1,High
6275-YDUVO,0.871981502543106,1,High
6892-EZDTG,0.8719201334699362,1,High
0655-RBDUG,0.8714080326881184,1,High
7330-WZLNC,0.8713914502926231,1,High
6956-SMUCM,0.8713438519731475,1,High
7398-SKNQZ,0.8711636506644731,1,High
5804-LEPIM,0.8709147847122637,1,High
9799-CAYJJ,0.8709126695332288,1,High
3066-RRJIO,0.8704532488356953,1,High
8739-XNIKG,0.8702948647928646,1,High
0023-HGHWL,0.8700513357163069,1,High
6015-VVHHE,0.8699838617854461,1,High
7932-WPTDS,0.8698874005552142,1,High
8779-QRDMV,0.8696796117113988,1,High
3750-CKVKH,0.8696455906276589,1,High
2619-WFQWU,0.8695753766419692,1,High
9985-MWVIX,0.8695753766419692,1,High
7235-NXZCP,0.869402436891548,1,High
1086-LXKFY,0.8692174344698766,1,High
4342-HENTK,0.8691961266620394,1,High
5349-IECLD,0.869178948819179,1,High
6407-UTSLV,0.8690975114606727,1,High
4951-UKAAQ,0.8690571452942382,1,High
7943-RQCHR,0.8690017913925681,1,High
3191-CSNMG,0.8686188485007533,1,High
7526-BEZQB,0.8685474913033892,1,High
5561-NWEVX,0.8682204965472695,1,High
3462-BJQQA,0.8682089460498617,1,High
0968-GSIKN,0.8681770873250898,1,High
5032-MIYKT,0.8678823811870287,1,High
0564-JJHGS,0.8677555153996566,1,High
9894-EZEWG,0.867474100428157,1,High
2265-CYWIV,0.8674213185832964,1,High
2737-WFVYW,0.867206307050567,1,High
2260-USTRB,0.8670979424649048,1,High
0722-TROQR,0.8670211869214798,1,High
2982-VPSGI,0.8669549864717723,1,High
3049-NDXFL,0.8666705888836983,1,High
6688-UZPWD,0.8666586431049872,1,High
7488-MXJIV,0.8665229209390269,1,High
6140-QNRQQ,0.8664554823007217,1,High
1062-LHZOD,0.8664498447306437,1,High
7595-EUIVN,0.86634111106541,1,High
8992-JQYUN,0.8663403325921414,1,High
8042-JVNFH,0.8660653334509107,1,High
9237-HQITU,0.8660154145293825,1,High
6328-ZPBGN,0.8660029470354574,1,High
3793-MMFUH,0.8657804892089163,1,High
1197-BVMVG,0.8657505420420514,1,High
5644-PDMZC,0.8650826483754744,1,High
9617-INGJY,0.8650790448221655,1,High
8972-HJWNV,0.8647382233781069,1,High
9061-TIHDA,0.8647070400941371,1,High
5276-KQWHG,0.8646854856446048,1,High
3091-FYHKI,0.8646437084491029,1,High
0841-NULXI,0.8646343588071945,1,High
2672-HUYVI,0.8644136596370942,1,High
4132-KALRO,0.8643889936721857,1,High
6168-WFVVF,0.8641330864176981,1,High
3721-CNEYS,0.8640328361907677,1,High
6210-KBBPI,0.8639983546633929,1,High
5095-AESKG,0.8639731210331698,1,High
9134-CEQMF,0.8638212649499317,1,High
9840-EFJQB,0.8628922105863275,1,High
5378-IKEEG,0.8627341524143125,1,High
0375-HVGXO,0.862729779063709,1,High
8780-IXSTS,0.8625597165534244,1,High
8622-ZLFKO,0.8624823954111632,1,High
3727-RJMEO,0.8623948542825207,1,High
9957-YODKZ,0.8623887697513737,1,High
2920-RNCEZ,0.8623179044580311,1,High
1122-JWTJW,0.8622015000426486,1,High
2027-FECZV,0.8620421284718043,1,High
8168-UQWWF,0.8619097971225866,1,High
2897-DOVND,0.8615155264226921,1,High
6702-OHFWR,0.8615030073236722,1,High
2737-YNGYW,0.8612511783271843,1,High
4770-UEZOX,0.8612009796894288,1,High
2424-WVHPL,0.8608828636626975,1,High
3295-YVUSR,0.8608551476675932,1,High
3606-TWKGI,0.8607287230401555,1,High
5519-NPHVG,0.8606056428172493,1,High
8835-VSDSE,0.8603679251343439,1,High
8413-VONUO,0.8598974191643283,1,High
0306-JAELE,0.8597563918128347,1,High
4145-UQXUQ,0.8592890200262475,1,High
4795-KTRTH,0.8591461855984687,1,High
5760-IFJOZ,0.8589806727938833,1,High
2612-RANWT,0.8587332061758877,1,High
5570-PTWEH,0.8585542523487225,1,High
9717-QEBGU,0.8584200660499002,1,High
6424-ELEYH,0.858311968214027,1,High
3621-CEOVK,0.8581773125061648,1,High
0515-YPMCW,0.8581335960925629,1,High
9850-OWRHQ,0.8581096642315517,1,High
2055-PDADH,0.8578577357538271,1,High
5649-ANRML,0.8576220965662449,1,High
4749-OJKQU,0.8573759388964592,1,High
0013-EXCHZ,0.8571340812946016,1,High
2984-AFWNC,0.8569629329225494,1,High
3186-BAXNB,0.8568543175076253,1,High
3677-IYRBF,0.856783738355708,1,High
0187-QSXOE,0.8567782882785672,1,High
8443-ZRDBZ,0.856454894598461,1,High
7341-LXCAF,0.8563798848356616,1,High
9221-OTIVJ,0.8561506390797695,1,High
3992-YWPKO,0.8559554938443041,1,High
6229-LSCKB,0.8556852933781357,1,High
9633-XQABV,0.8555549467864982,1,High
4115-NZRKS,0.855542695487697,1,High
9231-ZJYAM,0.8553979935890331,1,High
0812-WUPTB,0.8547676623801526,1,High
3320-VEOYC,0.8542884138524713,1,High
6086-ESGRL,0.8541592364767234,1,High
5956-VKDTT,0.8540925203276785,1,High
8357-EQXFO,0.8537417344430411,1,High
4143-OOBWZ,0.8535750890638244,1,High
6969-MVBAI,0.8535485124991644,1,High
1569-TTNYJ,0.853254038089386,1,High
8183-ONMXC,0.8532059634606113,1,High
8058-JMEQO,0.8531538399502465,1,High
8337-UPOAQ,0.8528523700954582,1,High
9965-YOKZB,0.8526544883132328,1,High
8348-HFYIV,0.8526401149692243,1,High
7379-POKDZ,0.8526104596403759,1,High
5868-YWPDW,0.8521080217902983,1,High
2952-QAYZF,0.8520235656142776,1,High
3370-HXOPH,0.8520028106524882,1,High
0916-QOFDP,0.8519519131018696,1,High
8185-UPYBR,0.8518094314605966,1,High
4445-ZJNMU,0.8516208878793456,1,High
4482-EWFMI,0.8515823031461298,1,High
4229-CZMLL,0.851448145457353,1,High
2642-DTVCO,0.8509623905923186,1,High
1450-GALXR,0.8509455133750129,1,High
7779-LGOVN,0.8508292392528174,1,High
5293-WXJAK,0.8508121606722809,1,High
2754-SDJRD,0.8507358267337046,1,High
5383-MMTWC,0.8507180006256986,1,High
0822-GAVAP,0.8505445294152677,1,High
5565-FILXA,0.8501123453590451,1,High
4806-KEXQR,0.8501057562191817,1,High
5712-PTIWW,0.8500358001971015,1,High
9172-ANCRX,0.8499416699592117,1,High
4501-EQDRN,0.8499128141494965,1,High
2205-YMZZJ,0.8498489444293958,1,High
4395-PZMSN,0.8498281765428866,1,High
1075-BGWOH,0.8498018037984794,1,High
1731-TVIUK,0.8496703268508485,1,High
7394-LWLYN,0.8494569527317426,1,High
6221-AVQYL,0.8493441781995841,1,High
8433-WXGNA,0.8491929191780864,1,High
7145-FEJWU,0.8491379461297035,1,High
6941-PMGEP,0.8487739037688079,1,High
8382-SHQEH,0.8487678178904984,1,High
2485-ITVKB,0.8486296374795282,1,High
0680-DFNNY,0.8485306624240436,1,High
2645-QTLMB,0.8484482300213276,1,High
8687-BAFGU,0.848415059593884,1,High
0925-VYDLG,0.8482027682872644,1,High
2612-RRIDN,0.8481857557121206,1,High
2672-DZUOY,0.8478169849084395,1,High
8245-UMPYT,0.8477697811387486,1,High
0685-MLYYM,0.8475474226655406,1,High
0094-OIFMO,0.8471595893758295,1,High
0880-TKATG,0.8471454509447827,1,High
8510-AWCXC,0.8470535820210634,1,High
7563-BIUPC,0.8470279681026838,1,High
0325-XBFAC,0.8470112246961794,1,High
3411-WLRSQ,0.84689528717018,1,High
4210-QFJMF,0.8468326905158815,1,High
4290-BSXUX,0.8467916921711218,1,High
2454-RPBRZ,0.8467786447295953,1,High
6979-ZNSFF,0.8467044038328448,1,High
8242-SOQUO,0.8466725715443812,1,High
9451-LPGOO,0.8466507744068712,1,High
8083-YTZES,0.846582078095125,1,High
1024-GUALD,0.8465177953074334,1,High
5442-UTCVD,0.846340980368593,1,High
7198-GLXTC,0.8460300120403473,1,High
8752-STIVR,0.8460142682887284,1,High
7321-VGNKU,0.8460082512414138,1,High
3217-FZDMN,0.8459871693843385,1,High
8943-URTMR,0.8457672007243582,1,High
7005-CCBKV,0.8457649157438419,1,High
3398-FSHON,0.845648508530167,1,High
0508-OOLTO,0.8455650627987357,1,High
9747-DDZOS,0.845419240694754,1,High
6110-OHIHY,0.8451087500114092,1,High
7234-FECYN,0.8450787548058866,1,High
3420-YJLQT,0.8450782523165989,1,High
7295-JOMMD,0.8449039511318455,1,High
6856-RAURS,0.8448663181139522,1,High
6615-NGGZJ,0.8448357298432401,1,High
3797-VTIDR,0.8445657844275729,1,High
1925-TIBLE,0.844420185970334,1,High
2959-MJHIC,0.8443126183459706,1,High
7245-NIIWQ,0.8442221475164193,1,High
8937-RDTHP,0.8441280392872391,1,High
8931-GJJIQ,0.8437757899679148,1,High
1334-FJSVR,0.8436043570936536,1,High
7365-BVCJH,0.8435933060639006,1,High
1579-KLYDT,0.8435904774642875,1,High
6077-BDPXA,0.8433461706475711,1,High
7693-LCKZL,0.8429551938475028,1,High
0236-HFWSV,0.8429066076798812,1,High
9094-AZPHK,0.8426304299249863,1,High
0495-ZBNGW,0.8425399402616667,1,High
9290-SHCMB,0.8419321789522366,1,High
3440-JPSCL,0.8419126607775369,1,High
5229-PRWKT,0.8415655760635876,1,High
7273-TEFQD,0.841415443721133,1,High
1465-VINDH,0.8413744906128704,1,High
0219-YTZUE,0.841242792760833,1,High
4110-PFEUZ,0.8406676746418197,1,High
2929-ERCFZ,0.8404357694619471,1,High
5935-FCCNB,0.8403968159016717,1,High
2379-ENZGV,0.8402282925332911,1,High
7209-JCUDS,0.8401599689401782,1,High
7668-XCFYV,0.840047962897502,1,High
5299-RULOA,0.8397141133372334,1,High
8087-LGYHQ,0.8393768786258573,1,High
0151-ONTOV,0.8392994321959013,1,High
7384-GHBPI,0.83912001129936,1,High
0011-IGKFF,0.8390042494556252,1,High
5168-MSWXT,0.838992676475805,1,High
1567-DSCIC,0.8386420964154294,1,High
0345-HKJVM,0.8386083847379023,1,High
7823-JSOAG,0.8385637294337303,1,High
0511-JTEOY,0.8384218046885404,1,High
8040-MNRTF,0.8384218046885404,1,High
1173-XZPYF,0.8384147865073469,1,High
3585-ISXZP,0.8383488739171792,1,High
1564-NTYXF,0.8381566984279054,1,High
7156-MHUGY,0.838088822535112,1,High
7242-QZLXF,0.8378295025367346,1,High
0195-IESCP,0.8378252930492143,1,High
0519-XUZJU,0.8377773813455995,1,High
6645-MXQJT,0.8377583734574086,1,High
0455-XFASS,0.8376155185728426,1,High
2215-ZAFGX,0.8375197913185881,1,High
2468-SJFLM,0.8375089406049743,1,High
3138-BKYAV,0.8375039884043485,1,High
5884-GCYMI,0.8374560742347676,1,High
9050-IKDZA,0.8372571353047843,1,High
9547-ITEFG,0.8370082629025325,1,High
2180-DXNEG,0.8366293353851166,1,High
7225-CBZPL,0.83651085426225,1,High
2691-NZETQ,0.8364307301610026,1,High
6734-GMPVK,0.8364074697363535,1,High
7598-UAASY,0.8363337640828196,1,High
6683-VLCTZ,0.8362812420528702,1,High
1010-DIAUQ,0.8362650121357648,1,High
1658-BYGOY,0.8362236606422015,1,High
2077-MPJQO,0.835736519653917,1,High
5119-NZPTV,0.8357085045926256,1,High
7858-GTZSP,0.8355022693621146,1,High
1084-UQCHV,0.8354837129020269,1,High
5685-IIXLY,0.8353483046087904,1,High
4112-LUEIZ,0.835343743651124,1,High
7590-VHVEG,0.8353356495371136,1,High
8808-ELEHO,0.8350762184559755,1,High
5698-BQJOH,0.8349825313627424,1,High
3045-XETSH,0.8347708843929184,1,High
3473-XIIIT,0.8346650629684376,1,High
9809-IMGCQ,0.8346287210910581,1,High
5940-AHUHD,0.8344897404291454,1,High
2983-ZANRP,0.8343983003837336,1,High
7767-UXAGJ,0.8343823064271862,1,High
1960-UYCNN,0.8342961803558924,1,High
2472-OVKUP,0.83411591128125,1,High
9330-IJWIO,0.8340955367175891,1,High
7613-LLQFO,0.8339402952199095,1,High
7249-WBIYX,0.8338845192706119,1,High
2369-UAPKZ,0.8336542868229482,1,High
7130-VTEWQ,0.8336540260684255,1,High
8361-LTMKD,0.8335850022698443,1,High
1746-TGTWV,0.8333968523932775,1,High
3292-PBZEJ,0.8333532264156176,1,High
7571-YXDAD,0.8331752937024488,1,High
5091-HFAZW,0.8329327037994104,1,High
2862-PFNIK,0.8322907837661776,1,High
0644-OQMDK,0.8322186710032966,1,High
4636-QRJKY,0.8322090973474587,1,High
1626-ERCMM,0.8320684306952537,1,High
2123-AGEEN,0.8316606623554734,1,High
2657-VPXTA,0.831628761843768,1,High
5348-CAGXB,0.8314008620104372,1,High
4060-LDNLU,0.831394033679079,1,High
4094-NSEDU,0.8313729783308185,1,High
6680-WKXRZ,0.8311821913672728,1,High
4629-NRXKX,0.8310076300011557,1,High
0923-PNFUB,0.830996044018056,1,High
4236-XPXAV,0.8308438427284238,1,High
3583-EKAPL,0.830776697400725,1,High
4585-HETAI,0.8306228275367865,1,High
3452-GWUIN,0.8305426828718121,1,High
5956-YHHRX,0.8304587525958056,1,High
5909-ECHUI,0.8303849751224128,1,High
7538-GWHML,0.8303719329189407,1,High
0722-SVSFK,0.8302211702678586,1,High
3063-QFSZL,0.8299675962140225,1,High
5673-FSSMF,0.8298837061794564,1,High
9846-GKXAS,0.8298808589041273,1,High
9822-OAOVB,0.8296256363861463,1,High
6786-OBWQR,0.8295617198793462,1,High
3329-WDIOK,0.8294404198381631,1,High
6860-YRJZP,0.8294174615826468,1,High
1078-TDCRN,0.8292795990159205,1,High
6435-SRWBJ,0.8292649970109414,1,High
5442-BHQNG,0.8291032243397437,1,High
0871-URUWO,0.8289326666563196,1,High
5501-TVMGM,0.8288462761868695,1,High
7379-FNIUJ,0.8288462302817154,1,High
0612-RTZZA,0.8284664179192069,1,High
3874-EQOEP,0.8283719499358588,1,High
3338-CVVEH,0.8282365899667612,1,High
8118-LSUEL,0.8281983270146167,1,High
0746-JTRFU,0.8280079931206068,1,High
0388-EOPEX,0.8279141640791966,1,High
9643-AVVWI,0.827557871539119,1,High
5429-LWCMV,0.8274481098316055,1,High
0674-EYYZV,0.827122352102769,1,High
4597-NUCQV,0.8269716599357473,1,High
6390-DSAZX,0.8269242889437085,1,High
6892-XPFPU,0.8264102386999921,1,High
8617-ENBDS,0.8263850701436668,1,High
4450-DLLMH,0.8263338419411187,1,High
7044-YAACC,0.8261258012021808,1,High
9334-GWGOW,0.8260181366973957,1,High
0365-BZUWY,0.8258513401294254,1,High
1571-SAVHK,0.825809244095014,1,High
2876-GZYZC,0.8257530454276859,1,High
4184-TJFAN,0.8257317937775261,1,High
6060-DRTNL,0.8255285497439657,1,High
5995-SNNEW,0.8254215660428919,1,High
9402-ORRAH,0.8253866911892705,1,High
2868-SNELZ,0.825272717696439,1,High
2905-KFQUV,0.8251968494450679,1,High
4741-WWJQZ,0.8250945584118959,1,High
7479-NITWS,0.824890961804333,1,High
9189-JWSHV,0.8248365230894007,1,High
6711-FLDFB,0.8247563916556873,1,High
7568-PODML,0.8247427780410064,1,High
0122-OAHPZ,0.8245943219393349,1,High
0840-DFEZH,0.8245139143046031,1,High
3074-GQWYX,0.8244784040040376,1,High
0004-TLHLJ,0.8242971512471426,1,High
1496-GGSUK,0.8242269889090346,1,High
4439-JMPMT,0.823938777543753,1,High
0616-ATFGB,0.8238468039842708,1,High
3877-JRJIP,0.8237877438896791,1,High
7969-AULMZ,0.8237832528244269,1,High
0661-XEYAN,0.8237015765116965,1,High
2080-GKCWQ,0.8233837945975989,1,High
6326-MTTXK,0.823301020123939,1,High
5889-LFOLL,0.8229810966954487,1,High
0224-RLWWD,0.8229245232723555,1,High
4816-JBHOV,0.8228161702151273,1,High
3754-DXMRT,0.8226681889491321,1,High
9734-YWGEX,0.8226260729958166,1,High
4884-ZTHVF,0.8223220556012474,1,High
7089-IVVAZ,0.8221459485441144,1,High
4813-HQMGZ,0.8220057549434971,1,High
6432-TWQLB,0.8218805114359835,1,High
8111-RKSPX,0.8218555088034726,1,High
9576-ANLXO,0.821563543695115,1,High
3703-VAVCL,0.8213260674047717,1,High
5883-GTGVD,0.8213017241395464,1,High
1195-OIYEJ,0.8211719698528164,1,High
6993-OHLXR,0.8210345396989347,1,High
3096-GKWEB,0.8208859307712839,1,High
6128-CZOMY,0.8207437105231778,1,High
5357-TZHPP,0.8207363084589435,1,High
9274-CNFMO,0.8207014352746432,1,High
5832-XKAES,0.8206671236722516,1,High
7079-QRCBC,0.8204985883821779,1,High
3538-WZPHD,0.8203860651832027,1,High
0709-TVGUR,0.8203824887665346,1,High
1704-NRWYE,0.8203180982222977,1,High
8541-QVFKM,0.8202512679239358,1,High
6100-QQHEB,0.8201821754961562,1,High
0248-IPDFW,0.8201002883806869,1,High
5955-ERIHD,0.8198288204480545,1,High
2135-RXIHG,0.81982658929343,1,High
5077-DXTCG,0.8197310518626579,1,High
0258-NOKBL,0.8194823406278772,1,High
2082-CEFLT,0.8193931478125053,1,High
2740-TVLFN,0.8193920315449597,1,High
0378-TOVMS,0.8192412871748227,1,High
2799-ARNLO,0.8192061908219205,1,High
2325-NBPZG,0.8191536760358875,1,High
6215-NQCPY,0.8190739309764116,1,High
8481-YYXWG,0.8188287705553918,1,High
2430-USGXP,0.8188220354596436,1,High
4021-RQSNY,0.8185556680821933,1,High
8999-BOHSE,0.8184316267378197,1,High
5399-ZIMKF,0.8182762335681703,1,High
9408-SSNVZ,0.8181336779349486,1,High
2800-VEQXM,0.8180957369348003,1,High
6608-QQLVK,0.8180253209029533,1,High
4282-YMKNA,0.8174483747503185,1,High
4587-NUKOX,0.8172630233814172,1,High
2754-VDLTR,0.8169589035449258,1,High
6959-UWKHF,0.816944396740867,1,High
4706-AXVKM,0.8169001280289458,1,High
1740-CSDJP,0.8168934503294205,1,High
7392-YYPYJ,0.8168844416252162,1,High
0225-ZORZP,0.816780295482658,1,High
5382-SOYZL,0.8167730467427781,1,High
7615-ESMYF,0.8167059146802083,1,High
8266-VBFQL,0.8166878504551169,1,High
6437-UKHMV,0.8165781732952868,1,High
4853-OITSN,0.8165545067528124,1,High
4285-GYRQC,0.8163991188952652,1,High
7890-VYYWG,0.8163938216955946,1,High
1866-OBPNR,0.8163762506367793,1,High
1602-IJQQE,0.8160864223109492,1,High
8065-YKXKD,0.8159998491505633,1,High
0133-BMFZO,0.8158870027519758,1,High
1251-STYSZ,0.8158178994529648,1,High
5445-UTODQ,0.8157483101149455,1,High
1200-TUZHR,0.8157274155827482,1,High
4854-CIDCF,0.8157253058563401,1,High
0432-CAJZV,0.8156011395307862,1,High
7402-EYFXX,0.8155216764552538,1,High
9919-KNPOO,0.8152997005637699,1,High
6986-IXNDM,0.8150781673803418,1,High
2568-BRGYX,0.8145290509731307,1,High
6923-JHPMP,0.8143464938634228,1,High
4919-IKATY,0.8143309359227204,1,High
6583-KQJLK,0.8143139359249794,1,High
4855-SNKMY,0.8143019053161602,1,High
4514-GFCFI,0.8142745825436468,1,High
2985-FMWYF,0.814226462626523,1,High
8356-WUAOJ,0.8140851982727428,1,High
7854-FOKSF,0.8140733641762044,1,High
4298-OYIFC,0.813823809141669,1,High
6101-IMRMM,0.8136865350729136,1,High
1219-NNDDO,0.8135349683356228,1,High
4373-VVHQL,0.8133373733832413,1,High
8705-WZCYL,0.813330072286606,1,High
8313-NDOIA,0.8130868498641804,1,High
2058-DCJBE,0.8129372154652332,1,High
7354-OIJLX,0.8129133978878937,1,High
6047-YHPVI,0.8128919309284426,1,High
9185-TQCVP,0.8128804590458867,1,High
1024-VRZHF,0.8128375077936805,1,High
5928-QLDHB,0.8127992452540791,1,High
8625-AZYZY,0.812763151119068,1,High
3663-MITLP,0.8127437360571778,1,High
0772-GYEQQ,0.8127031213881883,1,High
9828-AOQLM,0.8126396753446361,1,High
7508-MYBOG,0.8125649420204539,1,High
3199-XGZCY,0.8123616143320391,1,High
9250-WYPLL,0.8123481534608094,1,High
4919-MOAVT,0.8119836822225717,1,High
7625-XCQRH,0.8118022731356356,1,High
3130-ICDUP,0.8116692934333507,1,High
2688-BHGOG,0.8116429784844168,1,High
3841-CONLJ,0.8114490944805177,1,High
3030-YDNRM,0.8113230922051519,1,High
7638-QVMVY,0.8112112575544801,1,High
8800-JOOCF,0.8110641768923804,1,High
9360-OMDZZ,0.8110114159300602,1,High
9734-UYXQI,0.8110072964772614,1,High
3629-ZNKXA,0.8110009300453493,1,High
2845-HSJCY,0.8108567540014653,1,High
6166-ILMNY,0.8105687542251625,1,High
4735-ASGMA,0.8105344410761507,1,High
8676-TRMJS,0.8105230352176056,1,High
8443-WVPSS,0.8104987931045033,1,High
8225-BTJAU,0.8103847422679312,1,High
8642-GVWRF,0.8101749357793715,1,High
2272-QAGFO,0.8100889744117654,1,High
5923-GXUOC,0.8100372850476107,1,High
8035-PWSEV,0.8099511731548624,1,High
2026-TGDHM,0.8098909924269344,1,High
4566-NECEV,0.8097131303567833,1,High
4512-ZUIYL,0.8096162978255361,1,High
0506-LVNGN,0.8095064587502057,1,High
3904-UKFRE,0.8091000402679616,1,High
2495-INZWQ,0.8090821014239775,1,High
9741-YLNTD,0.8088472860659759,1,High
8445-DNBAE,0.8085260862481922,1,High
9685-WKZGT,0.8085113336228004,1,High
3393-FMZPV,0.8085019762296962,1,High
2674-MIAHT,0.8084599951173337,1,High
2371-JQHZZ,0.8083100551067655,1,High
7994-UYIVZ,0.8082891269833317,1,High
8714-CTZJW,0.8080591685758725,1,High
9391-EOYLI,0.8074717917021943,1,High
0139-IVFJG,0.8072446796923116,1,High
9253-QXKBE,0.8069956385520962,1,High
1583-IHQZE,0.8069861181155684,1,High
3372-KWFBM,0.8069280777569261,1,High
6689-TCZHQ,0.8064538999786086,1,High
7394-FKDNK,0.8064059700255659,1,High
1867-BDVFH,0.8063956111146402,1,High
7952-OBOYL,0.8063519415725524,1,High
6543-XRMYR,0.8063370133642305,1,High
4030-VPZBD,0.8061153539825365,1,High
5288-AHOUP,0.8057291977430645,1,High
6198-ZFIOJ,0.8055597203460969,1,High
9314-IJWSQ,0.805369011812885,1,High
7363-QTBIW,0.8050484357018304,1,High
5482-PLVPE,0.8049218113863529,1,High
9514-JDSKI,0.8047621158467162,1,High
9095-HFAFX,0.804700867982599,1,High
3247-ZVOUO,0.8046464016688504,1,High
0018-NYROU,0.8046420339629599,1,High
8519-IMDHU,0.804524026987736,1,High
2722-JMONI,0.8042702762690852,1,High
0793-TWELN,0.8038569863327579,1,High
3453-RTHJQ,0.8037996961353313,1,High
3249-ZPQRG,0.8037623592008889,1,High
6502-HCJTI,0.8037462408441165,1,High
1184-PJVDB,0.8036335244590067,1,High
3916-NRPAP,0.8035429427116115,1,High
6400-BWQKW,0.8030167358447026,1,High
3001-UNBTL,0.8027823581367246,1,High
1965-AKTSX,0.8025966070666821,1,High
4983-CCWMC,0.8024734785065528,1,High
3627-FHKBK,0.8022554665113563,1,High
4317-VTEOA,0.8021868981924074,1,High
6137-NICCO,0.8021038204806721,1,High
8010-EZLOU,0.8018384488085886,1,High
7426-RHZGU,0.8015612219995425,1,High
0988-JRWWP,0.8010418587989114,1,High
9874-QLCLH,0.800817253106787,1,High
3966-HRMZA,0.8003308203133082,1,High
4361-JEIVL,0.8000610546971403,1,High
6087-MVHJH,0.7999856395590002,1,High
8107-KNCIM,0.7999604657185158,1,High
9840-DVNDC,0.799943967348732,1,High
5947-SGKCL,0.7997842849452976,1,High
4029-HPFVY,0.7997603406578768,1,High
5138-WVKYJ,0.7996978724343204,1,High
6519-CFDBX,0.7993269271777881,1,High
3106-ULWFW,0.799082449060924,1,High
5028-GZLDO,0.7989992978722458,1,High
6127-ISGTU,0.7988284249555647,1,High
3488-PGMQJ,0.7987586638503148,1,High
2919-HBCJO,0.7986672592129345,1,High
8699-ASUFO,0.7986158735340401,1,High
1342-JPNKI,0.7984965014798977,1,High
2984-MIIZL,0.7982792029364598,1,High
3957-LXOLK,0.7982294961338456,1,High
7780-OTDSO,0.7980435054371783,1,High
7495-OOKFY,0.7979730055651413,1,High
4201-JMNGR,0.7979504814863522,1,High
8875-AKBYH,0.7979137715818382,1,High
6000-APYLU,0.7977769661560442,1,High
0872-NXJYS,0.7976258376443742,1,High
8290-YWKHZ,0.7975711927186906,1,High
0817-HSUSE,0.7974869935097134,1,High
6376-GAHQE,0.7973218244402258,1,High
3908-BLSYF,0.7972735198439692,1,High
8263-JQAIK,0.797139297651208,1,High
4195-NZGTA,0.7971086050923062,1,High
0302-JOIVN,0.7969972305292944,1,High
2025-JKFWI,0.796968444573607,1,High
5949-XIKAE,0.7968760688289291,1,High
8118-TJAFG,0.7966389886835132,1,High
3834-XUIFC,0.7965484219614928,1,High
2962-XPMCQ,0.7965444031340789,1,High
3254-YRILK,0.7964229724588285,1,High
9588-OZDMQ,0.7961362957547784,1,High
8873-GLDMH,0.7959070714031476,1,High
1689-YQBYY,0.7956152900262815,1,High
5480-HPRRX,0.795327217222785,1,High
5519-YLDGW,0.7949464604807466,1,High
9565-DJPIB,0.7948832985400214,1,High
5520-FVEWJ,0.7945905348261492,1,High
1254-IZEYF,0.7944756965489517,1,High
5569-KGJHX,0.7943975568678439,1,High
7881-EVUAD,0.7943542187967871,1,High
4484-CGXFK,0.7941931840661436,1,High
7029-RPUAV,0.7941576432395689,1,High
4822-NGOCH,0.7939623247830134,1,High
1976-CFOCS,0.7939123812591962,1,High
6918-UMQCG,0.7937127132123944,1,High
8868-WOZGU,0.7936693378119908,1,High
5937-EORGB,0.7933556939708641,1,High
9921-ZVRHG,0.7929536067058546,1,High
5339-PXDVH,0.7928113750860601,1,High
7326-RIGQZ,0.7926541490231082,1,High
6029-WTIPC,0.7925325008316608,1,High
9696-RMYBA,0.7923407509980085,1,High
4633-MKHYU,0.7921715548295192,1,High
2107-FBPTK,0.7920377828418574,1,High
5960-MVTUK,0.7920344464003931,1,High
5729-KLZAR,0.7919011759278174,1,High
4123-DVHPH,0.7918206283592009,1,High
6127-IYJOZ,0.7917862710192406,1,High
4598-XLKNJ,0.791779476031141,1,High
1309-BXVOQ,0.7915826876028971,1,High
5609-CEBID,0.7915058081985396,1,High
8903-XEBGX,0.7914425453268958,1,High
5590-BYNII,0.7914069770307441,1,High
3855-ONCAR,0.7913930544406861,1,High
8325-QRPZR,0.7913622589296223,1,High
2135-DQWAQ,0.7912366058967084,1,High
3376-BMGFE,0.7912081139820759,1,High
7517-LDMPS,0.7910244497020702,1,High
8080-DDEMJ,0.7909891185449303,1,High
9647-ERGBE,0.7909299517135882,1,High
6185-TASNN,0.7908665939905786,1,High
0067-DKWBL,0.7908570585767536,1,High
5244-IRFIH,0.7907536122621053,1,High
4706-DGAHW,0.7906742059094093,1,High
9752-ZNQUT,0.7906638930749553,1,High
3050-GBUSH,0.7904328149834086,1,High
6899-PPEEA,0.7903293005794607,1,High
9102-IAYHT,0.7902375433875302,1,High
1508-DFXCU,0.7901155787401622,1,High
4958-XCBDQ,0.790109553722482,1,High
7206-PQBBZ,0.7899843158230182,1,High
9227-LUNBG,0.7899592525433141,1,High
1658-TJVOA,0.7897408883489184,1,High
4817-VYYWS,0.789661853148653,1,High
7928-VJYAB,0.7896241054694682,1,High
8064-RAVOH,0.7895833140890236,1,High
9572-WUKSB,0.7893595395059801,1,High
0420-HLGXF,0.7892686852493036,1,High
7028-DVOIQ,0.7891506096379761,1,High
6851-WEFYX,0.7887284145821623,1,High
1866-RZZQS,0.7885861164023681,1,High
6821-BUXUX,0.7882260616583712,1,High
0411-EZJZE,0.7881559065314077,1,High
8861-HGGKB,0.7881404925619568,1,High
1589-AGTLK,0.7880131093866531,1,High
2840-XANRC,0.7879838352767179,1,High
0135-NMXAP,0.7879625838797188,1,High
7831-QGOXH,0.7877606040517378,1,High
2038-OEQZH,0.7877374113906388,1,High
2845-AFFTX,0.7875595479528236,1,High
7912-SYRQT,0.7873737430718153,1,High
1379-FRVEB,0.7871741459216972,1,High
7587-RZNME,0.7869936179483432,1,High
4385-GZQXV,0.7867953939201362,1,High
2815-CPTUL,0.7865754214618996,1,High
3999-QGRJH,0.7865524886573063,1,High
4137-BTIKL,0.7864115599224859,1,High
0875-CABNR,0.7863762008666618,1,High
7783-YKGDV,0.7863660390362512,1,High
1016-DJTSV,0.786337939241007,1,High
7729-JTEEC,0.7863099076119284,1,High
8485-GJCDN,0.7862891014355644,1,High
4283-FUTGF,0.786207481528846,1,High
9637-EIHEQ,0.7860360598931788,1,High
8132-YPVBX,0.7859826521902996,1,High
0480-BIXDE,0.7859048176092307,1,High
4369-HTUIF,0.7858220505677849,1,High
8417-FMLZI,0.785752562249469,1,High
8017-LXHFA,0.7851638414144604,1,High
4678-DVQEO,0.7851558196216528,1,High
8720-RQSBJ,0.7845197798968815,1,High
4631-OACRM,0.7844013479488474,1,High
3420-ZDBMA,0.7841976491126315,1,High
6712-OAWRH,0.7840437117691583,1,High
4559-UWIHT,0.7838252268731547,1,High
0876-WDUUZ,0.7835260939774731,1,High
9436-ZBZCT,0.7830759494612048,1,High
2235-DWLJU,0.7829295165348358,1,High
6331-EWIEB,0.7825771947489621,1,High
8063-GBATB,0.7824755592497294,1,High
2809-ZMYOQ,0.7823913759278299,1,High
4291-SHSBH,0.782333006626831,1,High
8878-HMWBV,0.781970150833246,1,High
3866-MDTUB,0.7818932246044734,1,High
5842-POCOP,0.7818688369977486,1,High
5366-IJEQJ,0.7818668770897781,1,High
2154-KVJFF,0.7817401634024492,1,High
3318-OSATS,0.7816390417176884,1,High
0689-NKYLF,0.7811127265372695,1,High
1475-VWVDO,0.7810915011795119,1,High
0168-XZKBB,0.7809876143159795,1,High
3717-OEAUQ,0.7809313409444802,1,High
6595-YGXIT,0.780790330319142,1,High
8397-MVTAZ,0.780770390938325,1,High
5600-KTXFM,0.7807586760688268,1,High
2774-LVQUS,0.78054871095348,1,High
6393-WRYZE,0.780538056119117,1,High
2057-ZBLPD,0.7805206568601344,1,High
4505-EXZHB,0.7803609958700523,1,High
2608-BHKFN,0.7803591521275155,1,High
8844-TONUD,0.7803501743038688,1,High
6260-ONULR,0.7803202609098767,1,High
8111-SLLHI,0.7802213727235287,1,High
8734-DKSTZ,0.7799960036465303,1,High
2636-OHFMN,0.7799135355321556,1,High
6339-YPSAH,0.779500813957734,1,High
9398-MMQTO,0.7794397647192404,1,High
5628-FCGYG,0.7793419384050695,1,High
8922-LIEGH,0.7792273147239208,1,High
6204-IEUXJ,0.779096174034168,1,High
0125-LZQXK,0.7790464573137272,1,High
0581-BXBUB,0.7788487162049743,1,High
3143-JQEGI,0.7788447722858043,1,High
7072-MBHEV,0.7786718220764046,1,High
9992-RRAMN,0.7786060571021299,1,High
0939-YAPAF,0.7785849512107976,1,High
2357-COQEK,0.7783384802143205,1,High
1907-UBQFC,0.7783222406607455,1,High
2034-CGRHZ,0.7782864655057425,1,High
6198-RTPMF,0.7782237692252584,1,High
2792-LSHWX,0.778132538993642,1,High
0727-IWKVK,0.777874019661327,1,High
6692-UDPJC,0.7778316885590941,1,High
8665-UTDHZ,0.7777150480158566,1,High
8739-WWKDU,0.7775168881778316,1,High
4351-QLCSU,0.7774042741064806,1,High
5940-NFXKV,0.777293432965842,1,High
8224-DWCKX,0.7772926925088346,1,High
3317-HRTNN,0.7772665725130365,1,High
5027-QPKTE,0.7771546959694262,1,High
4729-XKASR,0.7769151988060019,1,High
2439-LYPMQ,0.7768882347537276,1,High
7537-RBWEA,0.7768243412291076,1,High
6032-IGALN,0.7768242738561835,1,High
0928-JMXNP,0.7768194256374854,1,High
5976-JCJRH,0.7767174536824812,1,High
2080-CAZNM,0.7766086665595928,1,High
3223-DWFIO,0.7765024104250074,1,High
9912-GVSEQ,0.7764742995915603,1,High
6005-OBZPH,0.7764032594349504,1,High
7315-WYOAW,0.7763971700454759,1,High
5701-YVSVF,0.7763488363564954,1,High
2460-NGXBJ,0.7763003432621078,1,High
4301-VVZKA,0.7762852068186878,1,High
0928-XUTSN,0.7762014981626366,1,High
5228-EXCET,0.7760821508811788,1,High
7786-WBJYI,0.7760718318176192,1,High
4299-SIMNS,0.77601541238315,1,High
2568-OIADY,0.7758423007380117,1,High
1212-GLHMD,0.775719486271951,1,High
4315-MURBD,0.7756424983044569,1,High
6116-RFVHN,0.7755703282395767,1,High
1666-JXLKU,0.7755386423106336,1,High
4547-KQRTM,0.775466975564788,1,High
4277-PVRAN,0.7754514855411417,1,High
2482-CZGBB,0.7753951740094521,1,High
3565-UNOCC,0.7753449259820555,1,High
3071-VBYPO,0.7752898424198028,1,High
2397-BRLOM,0.7752584007427825,1,High
5117-IFGPS,0.7752125560812708,1,High
8374-XGEJJ,0.7750704256544192,1,High
5216-WASFJ,0.7750208765513342,1,High
6833-JMZYP,0.7747859514385264,1,High
3334-CTHOL,0.7747248108101006,1,High
4039-HEUNW,0.7744035058907612,1,High
6507-ZJSUR,0.7741320765262583,1,High
7142-HVGBG,0.7740526630491109,1,High
1771-OADNZ,0.7740109021481336,1,High
4059-IIEBK,0.7736878228723062,1,High
4433-JCGCG,0.7735827729295277,1,High
3427-GGZZI,0.7733199200277165,1,High
1641-RQDAY,0.7732836506782303,1,High
4074-SJFFA,0.7730649495245825,1,High
4480-QQRHC,0.7729736999629273,1,High
0576-WNXXC,0.7729293515780555,1,High
7861-UVUFT,0.7727337411030331,1,High
9279-CJEOJ,0.772710301434359,1,High
3496-LFSZU,0.7725392542554762,1,High
4873-ILOLJ,0.7724279908666161,1,High
6705-LXORM,0.7723125713067209,1,High
2575-GFSOE,0.772202435082677,1,High
1196-AMORA,0.7721615084684665,1,High
9430-FRQOC,0.7720544465195425,1,High
4009-ALQFH,0.7719817403058555,1,High
5896-NPFWW,0.7719266313914959,1,High
4929-BSTRX,0.771896187289517,1,High
9367-WXLCH,0.7717054932746888,1,High
1406-PUQVY,0.7716883503681743,1,High
5655-JSMZM,0.7716390570400546,1,High
8634-MPHTR,0.7715482415292594,1,High
4367-NHWMM,0.7714700743033764,1,High
9763-PDTKK,0.7714131354966782,1,High
4236-UJPWO,0.7711081859021995,1,High
4441-NIHPT,0.7708166137023198,1,High
5405-ZMYXQ,0.770742493304486,1,High
9606-PBKBQ,0.7705600509977519,1,High
1536-HBSWP,0.7704960523640583,1,High
3798-EPWRR,0.7703456567614659,1,High
8104-OSKWT,0.7703455441149707,1,High
2386-LAHRK,0.7702702728780375,1,High
1028-FFNJK,0.770151897198396,1,High
4763-PGDPO,0.7701371241368411,1,High
3716-UVSPD,0.7700231037887686,1,High
1751-NCDLI,0.7699931529674979,1,High
1792-UXAFY,0.7699924792908133,1,High
9907-SWKKF,0.7699016302407103,1,High
1226-IENZN,0.7698540911648024,1,High
1112-CUNAO,0.7697991363211749,1,High
6319-IEJWJ,0.7696098114695142,1,High
1428-GTBJJ,0.7695095529717519,1,High
7480-QNVZJ,0.7692370028168005,1,High
5760-FXFVO,0.7692310089684467,1,High
6330-JKLPC,0.769165747501365,1,High
4817-QRJSX,0.7689224791814117,1,High
3753-TSEMP,0.7687212925474778,1,High
1522-VVDMG,0.7686530417663082,1,High
9136-ALYBR,0.7685942479824757,1,High
2398-YPMUR,0.7683847317322484,1,High
9054-FOWNV,0.7679956131373099,1,High
4822-YCXMX,0.7678958010882737,1,High
1513-XNPPH,0.7678893302598653,1,High
5047-LHVLY,0.7678847722670341,1,High
6629-CZTTH,0.7678161279546567,1,High
9851-KIELU,0.7677471950066916,1,High
9239-ZBZZV,0.7676897280509032,1,High
5271-DBYSJ,0.7675619506022304,1,High
3223-WZWJM,0.7675416463837843,1,High
3317-VLGQT,0.7675365730228414,1,High
3518-PZXZQ,0.767366162562118,1,High
0940-OUQEC,0.767337465411213,1,High
1104-TNLZA,0.76722988905976,1,High
9058-CBREO,0.7671342013919196,1,High
5219-YIPTK,0.7666974305787474,1,High
8993-PHFWD,0.7666468404582054,1,High
7321-PKUYW,0.7666300495727102,1,High
3644-QXEHN,0.7665130104830974,1,High
2685-SREOM,0.7664339074190933,1,High
7442-YGZFK,0.7663877921822971,1,High
8637-XJIVR,0.7661877773598585,1,High
6496-JDSSB,0.7661678345861226,1,High
0196-JTUQI,0.7661349729201639,1,High
5380-WJKOV,0.766079888162301,1,High
4572-DVCGN,0.7660001531605385,1,High
3797-FKOGQ,0.7659216032953109,1,High
5868-CZJDR,0.7658727449513498,1,High
4749-VFKVB,0.7652921268803273,1,High
8709-KRDVL,0.7651302271288369,1,High
4373-MAVJG,0.7650508015023152,1,High
1236-WFCDV,0.7650455558251927,1,High
3990-QYKBE,0.764860619142519,1,High
6379-RXJRQ,0.7648258475830776,1,High
4412-YLTKF,0.7646632310554247,1,High
9889-TMAHG,0.7642572176671765,1,High
3926-CUQZX,0.7641937838147144,1,High
8337-MSSXB,0.7640625899940762,1,High
8270-RKSAP,0.7640183004968358,1,High
7892-POOKP,0.7639481991260985,1,High
8063-RJYNF,0.7633505933290478,1,High
7825-GKXMW,0.7633255835079121,1,High
9048-JVYVF,0.763283688800994,1,High
1268-ASBGA,0.763278662254272,1,High
7801-KICAO,0.7632169357462533,1,High
2506-CLAKW,0.7631504465979826,1,High
4847-QNOKA,0.7629792203008827,1,High
6778-YSNIH,0.7629394243208528,1,High
6267-DCFFZ,0.7627009023896865,1,High
1077-HUUJM,0.7625190104250257,1,High
2969-QWUBZ,0.7625136121769537,1,High
5934-RMPOV,0.762346471703691,1,High
5261-QSHQM,0.7622860236738322,1,High
0330-IVZHA,0.7621487419019779,1,High
4910-AQFFX,0.7621410186397434,1,High
7359-PTSXY,0.7621236550452424,1,High
8650-RHRKE,0.7621152677123919,1,High
2592-SEIFQ,0.7620830696240091,1,High
7377-DMMRI,0.7618735329375343,1,High
2665-NPTGL,0.7618660201516929,1,High
8854-CCVSQ,0.7618094999394567,1,High
4289-DTDKW,0.7617748061941845,1,High
6088-BXMRG,0.7617550186196835,1,High
0115-TFERT,0.7613910404882074,1,High
8276-MQBYC,0.7613876606439156,1,High
6907-NZZIJ,0.7610571495769928,1,High
9208-OLGAQ,0.760975131378491,1,High
5183-SNMJQ,0.7609649410872049,1,High
9172-JITSM,0.7608110101136649,1,High
5692-ICXLW,0.7606487193280697,1,High
9743-DQKQW,0.7605902040176636,1,High
3737-GCSPV,0.7605465103237343,1,High
5599-HVLTW,0.760461088788168,1,High
4398-HSCJH,0.7604329504273891,1,High
6347-DCUIK,0.7604053755538056,1,High
1612-EOHDH,0.7602713522831677,1,High
9851-QXEEQ,0.7601787328434364,1,High
3672-YITQD,0.7600691546839164,1,High
0337-CNPZE,0.75995048056996,1,High
5552-ZNFSJ,0.7599282567831586,1,High
1963-SVUCV,0.7599282567831586,1,High
3001-CBHLQ,0.7598384024036904,1,High
1565-RHDJD,0.7597363307813152,1,High
0396-YCHWO,0.7591599033847574,1,High
1723-HKXJQ,0.7590764408885777,1,High
6142-VSJQO,0.7588539508142242,1,High
6338-AVWCY,0.7588381305968332,1,High
9692-TUSXH,0.7585641394626402,1,High
0491-KAPQG,0.7584118500425125,1,High
4815-GBTCD,0.7584068942442157,1,High
6650-VJONK,0.758338777933917,1,High
5879-SESNB,0.7582232098886988,1,High
1766-GKNMI,0.7582144925147205,1,High
9801-GDWGV,0.7580964964902719,1,High
0524-IAVZO,0.7580271193983776,1,High
8818-DOPVL,0.7579745939834912,1,High
3961-SXAXY,0.7579205956545322,1,High
3951-NJCVI,0.7578912119416015,1,High
9494-MRNYX,0.7578032591193564,1,High
6048-QBXKL,0.7577599749709443,1,High
1918-ZBFQJ,0.7576305525178317,1,High
9600-NAXZN,0.757618596533085,1,High
5747-PMBSQ,0.7575967033500353,1,High
7389-KBFIT,0.7575359989823793,1,High
8180-AKMJV,0.7574692375629437,1,High
7675-OZCZG,0.7573270056150412,1,High
2754-XBHTB,0.7572360533262592,1,High
6818-DJXAA,0.7571649220135062,1,High
9093-FPDLG,0.7570956549684525,1,High
2959-FENLU,0.7569203826645473,1,High
3658-KIBGF,0.7567989894510656,1,High
2187-PKZAY,0.7567776725658106,1,High
7278-CKDNC,0.7559840299900168,1,High
5980-NOPLP,0.7557955397087257,1,High
2079-FBMZK,0.7557611870434333,1,High
5692-FPTAH,0.7556679456731518,1,High
2275-RBYQS,0.7556679456731518,1,High
7065-YUNRY,0.7555204075848017,1,High
7748-UMTRK,0.7554169558776269,1,High
9415-DPEWS,0.7553531666939747,1,High
4237-RLAQD,0.7552916708410503,1,High
0887-HJGAR,0.7550441238722274,1,High
9117-SHLZX,0.7550441238722274,1,High
5133-POWUA,0.7550130055127378,1,High
0947-IDHRQ,0.7549199112422686,1,High
3744-ZRRDZ,0.7548589379287962,1,High
0023-XUOPT,0.7548507030178085,1,High
5652-MSDEY,0.7548375626063772,1,High
8280-MQRQN,0.7547382340562795,1,High
3070-DVEYC,0.7545883764355701,1,High
4325-NFSKC,0.7544052878309325,1,High
0818-OCPZO,0.7542647881595612,1,High
7734-DBOAI,0.7540174846938431,1,High
3640-PHQXK,0.7536862938510294,1,High
3751-KTZEL,0.7536700218117505,1,High
6242-MBHPK,0.7534193372372029,1,High
3566-HJGPK,0.7533877754864399,1,High
8436-BJUMM,0.7533592772204416,1,High
6595-COKXZ,0.753266480969838,1,High
9658-WYUFB,0.7531892125800098,1,High
9524-EGPJC,0.75311223552323,1,High
1478-VPOAD,0.7530789088265899,1,High
5696-QURRL,0.7529968470430155,1,High
9947-OTFQU,0.7529301926743609,1,High
9903-LYSAB,0.7527911255063792,1,High
7534-BFESC,0.752546808160455,1,High
0771-WLCLA,0.7525347099052673,1,High
0027-KWYKW,0.752511978013449,1,High
7802-EFKNY,0.752375437090151,1,High
2018-PZKMU,0.752078046723855,1,High
5908-QMGOE,0.7520292684283765,1,High
1942-OQFRW,0.7520167610478394,1,High
6298-QDFNH,0.7518583589532659,1,High
9638-JIQYA,0.7518249408957672,1,High
3588-WSTTJ,0.7517402795810443,1,High
3550-SAHFP,0.7516862381029028,1,High
8182-BJDSI,0.7514648505054328,1,High
8393-DLHGA,0.7510549980930257,1,High
5959-BELXA,0.750723279060024,1,High
9214-EKVXR,0.7504711570440142,1,High
6032-KRXXO,0.7503021661718363,1,High
1891-UAWWU,0.7501984110798461,1,High
8710-YGLWG,0.7501970978212602,1,High
8950-MTZNV,0.7501878950827873,1,High
2951-QOQTK,0.7501480832915158,1,High
6178-KFNHS,0.7499732783712858,1,High
9625-QSTYE,0.7499678744841538,1,High
4612-SSVHJ,0.7498205855824931,1,High
9796-BPKIW,0.7498174939257085,1,High
5931-FLJJF,0.7495494373703858,1,High
0147-ESWWR,0.7495365201938574,1,High
0082-LDZUE,0.7493941230878438,1,High
0654-HMSHN,0.7492840403806533,1,High
7663-RGWBC,0.7492139961337269,1,High
9121-PHQSR,0.7492032123243747,1,High
6900-PXRMS,0.7491202839985855,1,High
5968-VXZLG,0.7488318836386603,1,High
9191-MYQKX,0.7487620551122274,1,High
7056-IMHCC,0.7485822175377258,1,High
0848-ZGQIJ,0.7484034594567999,1,High
4521-YEEHE,0.7483790545897301,1,High
3165-HDOEW,0.7483769575592181,1,High
0434-CSFON,0.7482516379423001,1,High
3413-BMNZE,0.7482001712126556,1,High
5914-DVBWJ,0.7480277214078179,1,High
5364-EVNIB,0.7480224746720681,1,High
0674-DGMAQ,0.7478535849593231,1,High
3671-SHRSP,0.747803101775284,1,High
4846-WHAFZ,0.7477704993870231,1,High
2249-YPRNG,0.7476291621563973,1,High
9506-UXUSK,0.7475324744860383,1,High
4349-GFQHK,0.7474303734794149,1,High
4803-AXVYP,0.7473650514910282,1,High
8696-JKZNU,0.7472846300827665,1,High
8120-JDCAM,0.7471937149044361,1,High
7137-RYLPP,0.7470778624272001,1,High
2696-NARTR,0.7469840451209825,1,High
6212-ATMLK,0.7468929795213657,1,High
2091-RFFBA,0.746760829286365,1,High
9773-PEQBZ,0.7467571494484393,1,High
8364-TRMMK,0.746312443874912,1,High
4959-JOSRX,0.7462524072748749,1,High
2082-OJVTK,0.746193284064403,1,High
6646-VRFOL,0.7460506926673776,1,High
2903-YYTBW,0.7459273564735678,1,High
3858-VOBET,0.7455829832280808,1,High
0265-EDXBD,0.7455099668099143,1,High
2656-FMOKZ,0.7452954948191695,1,High
5759-RCVCB,0.7452279560101038,1,High
5989-PGKJB,0.7451867594232606,1,High
0886-QGENL,0.7451523874319372,1,High
7270-BDIOA,0.7451057467096076,1,High
7703-ZEKEF,0.7448935711568716,1,High
0529-ONKER,0.7446794234991537,1,High
9661-MHUMO,0.7446713755913508,1,High
7841-TZDMQ,0.7444023082629891,1,High
4716-HHKQH,0.7443423080611039,1,High
6175-IRFIT,0.7441345092713997,1,High
2114-MGINA,0.7431887196406928,1,High
9560-ARGQJ,0.7427675709365713,1,High
3365-SAIGS,0.7427430366434628,1,High
9420-LOJKX,0.7418929549746602,1,High
8610-WFCJF,0.7413687912183734,1,High
8708-XPXHZ,0.7413296229466348,1,High
6352-TWCAU,0.7413118437872097,1,High
7603-USHJS,0.7412983243973739,1,High
0362-ZBZWJ,0.7412523108492421,1,High
2362-IBOOY,0.7412496526189882,1,High
3235-ETOOB,0.7408138110001954,1,High
6402-ZFPPI,0.7405488184325507,1,High
6651-AZVTJ,0.7403790242963577,1,High
0221-WMXNQ,0.74018992558686,1,High
8695-ARGXZ,0.7401860400956726,1,High
4193-ORFCL,0.740167242917692,1,High
6689-KXGBO,0.7401666305278821,1,High
5442-XSDCW,0.7401490860264115,1,High
5233-AOZUF,0.7399283465803075,1,High
9190-MFJLN,0.7397195647275085,1,High
5022-KVDQT,0.7396752635188497,1,High
4154-AQUGT,0.7395177790024278,1,High
6661-HBGWL,0.739477460272222,1,High
0952-KMEEH,0.7392776114790691,1,High
4537-DKTAL,0.7392519374188722,1,High
8949-JTMAY,0.7392368918136181,1,High
2207-NHRJK,0.7389485858278255,1,High
3384-CTMSF,0.7389079912322392,1,High
1660-HSOOQ,0.7387486713024018,1,High
0322-CHQRU,0.7386896848669149,1,High
0637-YLETY,0.7385534897494747,1,High
0315-LVCRK,0.7385206049289393,1,High
4077-CROMM,0.7384764214713868,1,High
2528-HFYZX,0.738409169354648,1,High
2824-MYYBN,0.7383142372555029,1,High
3278-FSIXX,0.7382472298125966,1,High
1728-BQDMA,0.7381682773064672,1,High
8938-UMKPI,0.7380789726454271,1,High
9961-JBNMK,0.7380344931265406,1,High
6034-YMTOB,0.7380241511435668,1,High
5122-CYFXA,0.7379899551807434,1,High
2372-HWUHI,0.7377108963139009,1,High
4818-QIUFN,0.7374263640017031,1,High
4816-LXZYW,0.7374141551896773,1,High
8621-MNIHH,0.7370836198498092,1,High
5630-IXDXV,0.7369518184289043,1,High
5449-FIBXJ,0.7368955070825386,1,High
8714-EUHJO,0.7365636562011475,1,High
6103-BOCOU,0.7365228489964342,1,High
4659-NZRUF,0.7362546875171829,1,High
5365-LLFYV,0.7357215916737834,1,High
4671-LXRDQ,0.7357030659475783,1,High
2344-JMOGN,0.7354962354867414,1,High
5666-CYCYZ,0.7354721437853147,1,High
6715-OFDBP,0.7354536403194762,1,High
5522-JBWMO,0.7353629699156189,1,High
5364-XYIRR,0.7352147999805474,1,High
9732-KPKBW,0.7351653050916174,1,High
2860-RANUS,0.7348568411238774,1,High
1262-OPMFY,0.7348450239847885,1,High
4536-PLEQY,0.7346650098231917,1,High
6030-REHUX,0.7343056802978167,1,High
8059-UDZFY,0.7341775005941779,1,High
7851-FLGGQ,0.7339543146832246,1,High
7511-YMXVQ,0.7339255018188515,1,High
2359-KMGLI,0.733806604834925,1,High
0947-MUGVO,0.7337033722629435,1,High
4583-PARNH,0.7332868415044664,1,High
5605-IYGFG,0.7332380929490767,1,High
8167-GJLRN,0.7332083889675812,1,High
6365-MTGZX,0.733146371302492,1,High
6518-LGAOV,0.732870454626737,1,High
3703-KBKZP,0.7328445733761714,1,High
1989-PRJHP,0.7328292116509221,1,High
5899-OUVKV,0.7326910473308117,1,High
8543-MSDMF,0.7324917706940868,1,High
1597-LHYNC,0.7324639475821793,1,High
6467-CHFZW,0.7323272851837939,1,High
0112-QAWRZ,0.7322034153431667,1,High
8778-LMWTJ,0.7321747924654884,1,High
2933-FILNV,0.7319894167006049,1,High
9058-MJLZC,0.7319551647256777,1,High
6317-YPKDH,0.7318648148791462,1,High
9465-RWMXL,0.7315374227122502,1,High
0650-BWOZN,0.7315300559156745,1,High
2832-KJCRD,0.7313848189093861,1,High
0641-EVBOJ,0.7313683719865433,1,High
7240-ETPTR,0.7313527652844245,1,High
6458-CYIDZ,0.7313391765706793,1,High
1636-NTNCO,0.7312284960118185,1,High
4971-PUYQO,0.7310063247026517,1,High
1092-GANHU,0.7307687175003724,1,High
4423-YLHDV,0.7305251799068349,1,High
5569-OUICF,0.7302849235610426,1,High
2209-XADXF,0.729975483347393,1,High
2626-URJFX,0.7299051383009587,1,High
3934-HXCFZ,0.729862068129222,1,High
6876-ADESB,0.7297233940848034,1,High
9269-CQOOL,0.7294211183034953,1,High
3269-ATYWD,0.7292220215226568,1,High
2603-HVKCG,0.7291857296594132,1,High
5044-LRQAQ,0.7291804130147552,1,High
3891-PUQOD,0.7289992383632738,1,High
6637-KYRCV,0.7289614582920363,1,High
3336-JORSO,0.7288861386074359,1,High
8837-VVWLQ,0.728844937586969,1,High
4658-HCOHW,0.7286857261549295,1,High
3398-ZOUAA,0.7283324666667258,1,High
3799-ISUZQ,0.7280127848311524,1,High
1932-UEDCX,0.7276094144429102,1,High
4208-UFFGW,0.7271982816120026,1,High
9821-POOTN,0.7270966881262985,1,High
5167-GBFRE,0.7270104927368471,1,High
9714-EDSUC,0.7269291408721106,1,High
8128-YVJRG,0.7269107928260896,1,High
8486-AYEQH,0.7268349327665097,1,High
3097-NNSPB,0.7268296626729288,1,High
3545-CNWRG,0.7265322867798627,1,High
3237-AJGEH,0.7264704952132353,1,High
1302-UHBDD,0.7263819969278427,1,High
9490-DFPMD,0.726095164071078,1,High
6907-FLBER,0.726068630390373,1,High
1845-ZLLIG,0.7260039682754484,1,High
0376-YMCJC,0.7258672474253605,1,High
3748-FVMZZ,0.7257987839639044,1,High
1597-FZREH,0.7257947878701022,1,High
4484-GLZOU,0.7255794817552633,1,High
1730-ZMAME,0.7254461370811274,1,High
0374-IOEGQ,0.7254264322674602,1,High
9129-UXERG,0.7252012963057229,1,High
4124-MMETB,0.7251717552921124,1,High
3003-CMDUU,0.7251047874840268,1,High
9620-ENEJV,0.7250910602578067,1,High
4062-HBMOS,0.7250352988876076,1,High
8981-FJGLA,0.7248084922380251,1,High
1754-GKYPY,0.7247759988598166,1,High
0439-IFYUN,0.7246390218461697,1,High
3088-LHEFH,0.724031017006926,1,High
2697-NQBPF,0.7237418892356936,1,High
5650-YLIBA,0.7237258967268305,1,High
2694-CIUMO,0.7235449052062807,1,High
8819-IMISP,0.7235205452494657,1,High
2408-WITXK,0.723309029219668,1,High
9432-VOFYX,0.7230731778457956,1,High
0378-NHQXU,0.7229449813014676,1,High
3884-HCSWG,0.7222190270473601,1,High
8429-XIBUM,0.7220271800250989,1,High
8648-PFRMP,0.7216585853030859,1,High
2800-QQUSO,0.7214760229355153,1,High
6559-PDZLR,0.7214435532201604,1,High
9355-NPPFS,0.7213594332806457,1,High
4065-JJAVA,0.7211661240921377,1,High
5022-JNQEQ,0.7211203497811272,1,High
5108-ADXWO,0.7210862833043976,1,High
5019-GQVCR,0.7209445163202994,1,High
0148-DCDOS,0.7208621627664777,1,High
4686-UXDML,0.7208568028565412,1,High
5673-TIYIB,0.7206578862378157,1,High
9174-FKWZE,0.7204573257382074,1,High
0946-CLJTI,0.7202652746547005,1,High
5144-TVGLP,0.7202273961556247,1,High
0447-RXSGD,0.7200833748678412,1,High
7901-TBKJX,0.719981796368782,1,High
9885-AIBVB,0.719716430626381,1,High
1471-GIQKQ,0.7193941313722806,1,High
2739-CACDQ,0.7193062769303409,1,High
3627-FCRDW,0.7192014687656293,1,High
7825-ECJRF,0.7191763702382137,1,High
8260-NGFNY,0.7189881454958043,1,High
3002-WQZWT,0.7189211599251999,1,High
6366-ZGQGL,0.7188557355062046,1,High
7279-BUYWN,0.7188455981942289,1,High
9779-DPNEJ,0.7186245953485565,1,High
7410-YTJIK,0.7184224085315483,1,High
2103-ZRXFN,0.7183665774193204,1,High
1251-KRREG,0.7182991845996232,1,High
4183-MYFRB,0.7182241566580805,1,High
9389-ACWBI,0.7180774696010634,1,High
9283-LZQOH,0.7180539274203066,1,High
2637-FKFSY,0.7179878494645011,1,High
8212-DJRCH,0.7179494362803682,1,High
8903-WMRNW,0.7178951457868399,1,High
3312-ZWLGF,0.7178650852243471,1,High
3914-FDRHP,0.7174921310697557,1,High
5899-MQZZL,0.7171830127747423,1,High
9133-AYJZG,0.7170139188421046,1,High
9661-ACXBS,0.7167938996768054,1,High
3346-BRMIS,0.7160659822481708,1,High
4902-OHLSK,0.7157237001621781,1,High
6158-HDPXZ,0.7157120012167248,1,High
3597-MVHJT,0.7151020666264585,1,High
3956-MGXOG,0.7149474369349924,1,High
7714-YXSMB,0.7148710395428297,1,High
9992-UJOEL,0.7148564048567458,1,High
6311-UEUME,0.7145249418423165,1,High
2692-BUCFV,0.7144152149792694,1,High
3096-JRDSO,0.7144064702009131,1,High
5130-IEKQT,0.7142617444154995,1,High
2719-BDAQO,0.714173017904892,1,High
5606-AMZBO,0.7141609581527777,1,High
9601-BRXPO,0.7139042174934668,1,High
6906-ANDWJ,0.7138692268861161,1,High
0895-DQHEW,0.713790796961707,1,High
6994-KERXL,0.7137338370542161,1,High
9940-HPQPG,0.7136354166022267,1,High
4998-IKFSE,0.713397584051527,1,High
2831-EBWRN,0.7129900523880313,1,High
4013-TLDHQ,0.7126036375141174,1,High
2232-DMLXU,0.7125720771532653,1,High
7852-LECYP,0.7125485115301664,1,High
7853-OETYL,0.7121490155502921,1,High
0958-YHXGP,0.7121184333642812,1,High
7240-FQLHE,0.7120893202856446,1,High
9540-JYROE,0.7118438440733375,1,High
6017-PPLPX,0.7115717437021947,1,High
1965-DDBWU,0.71139123230991,1,High
0354-WYROK,0.7112718529978703,1,High
8286-AFUYI,0.7111897632875303,1,High
1894-IGFSG,0.7110820298319777,1,High
9824-BEMCV,0.7108408905860515,1,High
1769-GRUIK,0.7107961393113056,1,High
2956-GGUCQ,0.7107783476546148,1,High
4223-WOZCM,0.7105831968297547,1,High
0093-EXYQL,0.7105462204120309,1,High
3995-WFCSM,0.7103712477285506,1,High
0921-OHLVP,0.7103312247986426,1,High
1391-UBDAR,0.7103111511206599,1,High
1226-UDFZR,0.7101104086861537,1,High
1307-ATKGB,0.7100395188747346,1,High
4690-PKDQG,0.7099687953262648,1,High
5543-QDCRY,0.7096616236200352,1,High
9710-ZUSHQ,0.709544813213765,1,High
5226-NOZFC,0.7094155550078569,1,High
7579-OOPEC,0.7092968402669764,1,High
3415-TAILE,0.7092064511054976,1,High
9631-XEYKE,0.7091690545163707,1,High
2504-DSHIH,0.7090905766900469,1,High
1142-WACZW,0.7088874805382013,1,High
2916-BQZLN,0.7086325913661873,1,High
1902-XBTFB,0.7083383712002582,1,High
4547-LYTDD,0.7083084590285202,1,High
4727-MCYZG,0.7082413237608678,1,High
2675-DHUTR,0.7078674775171783,1,High
7020-OZKXZ,0.7076788400884783,1,High
4391-RESHN,0.7076109256439072,1,High
1264-BYWMS,0.7074141608587554,1,High
0256-LTHVJ,0.707306706165703,1,High
6551-GNYDG,0.7071343365126403,1,High
3536-IQCTX,0.7070939862416228,1,High
0374-AACSZ,0.7070902993390926,1,High
5857-TYBCJ,0.7069609398998853,1,High
8630-FJLIB,0.7067461535227366,1,High
3234-VKACU,0.7066523973543073,1,High
6719-OXYBR,0.70660539487267,1,High
6235-VDHOM,0.7062627613936281,1,High
3211-AAPKX,0.7062606277640421,1,High
5480-TBGPH,0.7061503831599572,1,High
0899-LIIBW,0.7058173394608867,1,High
9895-VFOXH,0.7057576784717616,1,High
9600-UDOPK,0.7057335256075689,1,High
8990-ZXLSU,0.7054674227606474,1,High
7586-ZATGZ,0.7054245649417754,1,High
2786-GCDPI,0.7052831838335548,1,High
8802-UNOJF,0.7052751546914547,1,High
4704-ERYFC,0.7052283396054508,1,High
4430-UZIPO,0.7051570872877905,1,High
7048-GXDAY,0.7049223510735367,1,High
7312-XSBAT,0.7047152067407826,1,High
4128-ETESU,0.7043469137713403,1,High
7422-WNBTY,0.7043347743653936,1,High
8584-KMVXD,0.7033524466893951,1,High
3439-GVUSX,0.7033234083008757,1,High
2507-QZPQS,0.7031969846508133,1,High
6656-JWRQX,0.7030296350757778,1,High
3096-IZETN,0.7029826204573135,1,High
6413-XKKPU,0.7028364040572399,1,High
5647-FXOTP,0.7028149651252417,1,High
9898-KZQDZ,0.7026772931367817,1,High
0114-PEGZZ,0.7025045026907297,1,High
8020-BWHYL,0.7020407996953613,1,High
7284-BUYEC,0.7019981293242796,1,High
7508-SMHXL,0.7017859844878911,1,High
5233-GEEAX,0.7017015322177724,1,High
4503-BDXBD,0.7016812975070321,1,High
0082-OQIQY,0.7015637034723308,1,High
3757-NJYBX,0.7013932818674966,1,High
5889-JTMUL,0.7011301685719477,1,High
3669-OYSJI,0.7011097961267364,1,High
4797-AXPXK,0.7010157767493962,1,High
6145-NNPNO,0.7009613867907484,1,High
0623-GDISB,0.7008903942855838,1,High
7855-DIWPO,0.7006694740719898,1,High
8378-LKJAF,0.7002570444167424,1,High
7404-JLKQG,0.7001739718403961,1,High
0207-MDKNV,0.7000813061951889,1,High
8012-SOUDQ,0.6999692038922316,1,High
0537-QYZZN,0.6990788533772954,1,High
5385-SUIRI,0.6987862461845009,1,High
1608-GMEWB,0.6987813353337742,1,High
6583-QGCSI,0.6986919735414348,1,High
0570-BFQHT,0.698618412637011,1,High
1035-IPQPU,0.6980512070460625,1,High
1319-YLZJG,0.698024312078849,1,High
2501-XWWTZ,0.6978770316857419,1,High
9508-ILZDG,0.6977659557097655,1,High
8008-HAWED,0.6974772863437348,1,High
7054-LGEQW,0.697446457214723,1,High
3315-TOTBP,0.6973599778612438,1,High
9927-DSWDF,0.6972901301672505,1,High
6888-SBYAI,0.6972310322941049,1,High
7794-JASDG,0.6972171008470964,1,High
0093-XWZFY,0.6970577314817488,1,High
6304-IJFSQ,0.6970249666679607,1,High
5669-SRAIP,0.6969208484383511,1,High
2842-JTCCU,0.6967481961895573,1,High
1580-BMCMR,0.6962208165131181,1,High
5998-VVEJY,0.695995293802451,1,High
4647-MUZON,0.6957919766256302,1,High
6877-LGWXO,0.6956349768344263,1,High
1794-HBQTJ,0.6953645982405515,1,High
9090-SGQXL,0.6952920006344556,1,High
2070-FNEXE,0.6952671837674402,1,High
3374-LXDEV,0.6950938417977097,1,High
8640-SDGKB,0.6949979814663395,1,High
1624-WOIWJ,0.6948972246907648,1,High
3082-VQXNH,0.6948697096798282,1,High
0032-PGELS,0.694854263777501,1,High
0620-DLSLK,0.6948461125891121,1,High
7593-XFKDI,0.694796167470474,1,High
9448-REEVD,0.6947168382643992,1,High
5035-BVCXS,0.6946720993825148,1,High
8685-WHQPW,0.6946574163462113,1,High
2378-VTKDH,0.6944864865854351,1,High
4652-NNHNY,0.694425496651992,1,High
6022-UGGSO,0.6942827132161907,1,High
0320-JDNQG,0.6942291441101148,1,High
3755-JBMNH,0.6939108648307126,1,High
1895-QTKDO,0.6930084171570251,1,High
7252-NTGSS,0.692784453621893,1,High
6582-OIVSP,0.6927532354121447,1,High
7754-IXRMC,0.6927428285807109,1,High
8757-TFHHJ,0.6927230517266965,1,High
4918-QLLIW,0.6925812933575614,1,High
1816-FLZDK,0.6925423924922411,1,High
1013-QCWAM,0.6923801825124165,1,High
9667-TKTVZ,0.6922495577902968,1,High
0963-ZBDRN,0.6920063331410791,1,High
9168-INPSZ,0.6916942911925872,1,High
9244-ZVAPM,0.6916767101481502,1,High
2979-SXESE,0.6913875895550186,1,High
0107-WESLM,0.6913459586581473,1,High
8189-XRIKE,0.691071270856458,1,High
2833-SLKDQ,0.6910628370992509,1,High
4546-FOKWR,0.6910328527383942,1,High
7159-FVYPK,0.6910008913662362,1,High
0322-YINQP,0.6907933419071641,1,High
0415-MOSGF,0.6907048634085247,1,High
0324-BRPCJ,0.6906857077142805,1,High
5129-JLPIS,0.6905874749815994,1,High
8490-BXHEO,0.6904561333683181,1,High
7562-GSUHK,0.6904432226257017,1,High
5439-WIKXB,0.6903955093148362,1,High
2041-JIJCI,0.6902837121603187,1,High
2672-OJQZP,0.6902157886476121,1,High
9866-QEVEE,0.690205261139815,1,High
1928-BXYIV,0.6901254898232086,1,High
7924-GJZFI,0.6901116435460011,1,High
3352-ALMCK,0.689822223230538,1,High
4553-DVPZG,0.6894820227843634,1,High
2108-XWMPY,0.6893708223432401,1,High
7993-PYKOF,0.6893014904853005,1,High
3669-LVWZB,0.6890909482508942,1,High
3085-QUOZK,0.6887574341540419,1,High
6982-SSHFK,0.6886526180342942,1,High
5858-EAFCZ,0.6884920230454472,1,High
3174-RKMOW,0.6884724766069291,1,High
5999-LCXAO,0.6884133440551858,1,High
6844-DZKRF,0.6883750355730311,1,High
3946-MHCZW,0.6883490989063453,1,High
9526-BIHHD,0.687999804171713,1,High
4146-SVFUD,0.6878962313793261,1,High
4550-VBOFE,0.6878193096214176,1,High
9971-ZWPBF,0.6876140373781067,1,High
6817-WTYHE,0.6872331208940692,1,High
9518-XXBXE,0.6872327846073796,1,High
0319-QZTCO,0.6871188866090605,1,High
5307-DZCVC,0.6870893920534853,1,High
2538-OIMXF,0.6870077203825636,1,High
8806-EAGWC,0.6869424965195343,1,High
3714-NTNFO,0.6869412591297341,1,High
3500-RMZLT,0.6864763508566951,1,High
1777-JYQPJ,0.6863324689035201,1,High
3806-DXQOM,0.6860949160951433,1,High
3167-SNQPL,0.6856413531159649,1,High
5356-CSVSQ,0.6855293068891075,1,High
0682-USIXD,0.6854695664613157,1,High
7967-HYCDE,0.6851782310018546,1,High
7339-POGZN,0.6850170599252874,1,High
2038-LLMLM,0.6847697604156799,1,High
2955-BJZHG,0.6847419910013044,1,High
5373-SFODM,0.6847173081828679,1,High
8784-CGILN,0.6845163997388155,1,High
4446-BZKHU,0.6842421609111375,1,High
7018-WBJNK,0.6841499692732341,1,High
9274-UARKJ,0.6839106968284253,1,High
8785-CJSHH,0.683756317296117,1,High
0224-HJAPT,0.6837146338547717,1,High
7752-XUSCI,0.6836797727706824,1,High
9050-QLROH,0.6836270207065067,1,High
4662-EKDPQ,0.6834240340746551,1,High
6770-XUAGN,0.6834040680268104,1,High
2037-SGXHH,0.683186488077686,1,High
6377-WHAOX,0.6831220269761425,1,High
2311-QYMUQ,0.6828167906153753,1,High
7250-EQKIY,0.6827825413326167,1,High
8993-IZEUX,0.6826186365940765,1,High
1501-SGHBW,0.6823080970340122,1,High
5351-QESIO,0.6821257016400648,1,High
8800-ZKRFW,0.6819593451441862,1,High
7623-TRNQN,0.6817617459603862,1,High
0975-VOOVL,0.6816809242552513,1,High
5281-BUZGT,0.6816674348162112,1,High
3312-UUMZW,0.6815773308807287,1,High
1833-TCXKK,0.6813054437197957,1,High
2320-JRSDE,0.6810032831837121,1,High
2495-KZNFB,0.6809569067546988,1,High
2640-PMGFL,0.6809530425326729,1,High
5982-FPVQN,0.6809460584060372,1,High
6022-KOUQO,0.6809453756032897,1,High
8519-QJGJD,0.6808272867223673,1,High
5207-PLSTK,0.6806847822228095,1,High
1260-TTRXI,0.6804281439638697,1,High
4432-ADRLB,0.6804276101918503,1,High
9365-SRSZE,0.6804054844407315,1,High
1343-EHPYB,0.6798941720042024,1,High
9574-RKJIF,0.6798633103631567,1,High
9053-EJUNL,0.6794443894493827,1,High
0280-XJGEX,0.6794129410417336,1,High
5981-ITEMU,0.6793201067461789,1,High
5651-YLPRD,0.6791336745229737,1,High
0611-DFXKO,0.6791209770613198,1,High
8066-POXGX,0.6790987939441075,1,High
0927-LCSMG,0.6790107174035602,1,High
5103-MHMHY,0.6789169863284303,1,High
2189-WWOEW,0.6787549315070847,1,High
4248-QPAVC,0.6785354849023472,1,High
2672-TGEFF,0.6784649956451073,1,High
7503-QQRVF,0.678442796113929,1,High
7892-QVYKW,0.6784221877594754,1,High
7881-INRLC,0.6783716384402956,1,High
0402-CQAJN,0.6782241645943888,1,High
4116-TZAQJ,0.6780546882453254,1,High
6394-MFYNG,0.6779825414326378,1,High
7901-HXJVA,0.6778313378543823,1,High
8384-FZBJK,0.6773170901091705,1,High
9261-WDCAF,0.6772063261799826,1,High
1230-QAJDW,0.6771928901835856,1,High
7233-DRTRF,0.6770532159847339,1,High
2853-CWQFQ,0.6768149111360946,1,High
2474-BRUCM,0.6761537925269124,1,High
1763-WQFUK,0.6760531938271814,1,High
0311-UNPFF,0.676013140131317,1,High
3791-LGQCY,0.6753155703664071,1,High
2884-GBPFB,0.674727525669778,1,High
5153-RTHKF,0.6742831522845905,1,High
3370-GQEAL,0.6741243515000541,1,High
2027-CWDNU,0.6740612890524571,1,High
6905-NIQIN,0.6739723563854549,1,High
6599-RCLCJ,0.6739505123060976,1,High
6542-LWGXJ,0.6733882414060823,1,High
3647-GMGDH,0.6731831952287912,1,High
5649-RXQTV,0.6729477475186254,1,High
9552-TGUZV,0.6725022981981073,1,High
0310-MVLET,0.6723834759664531,1,High
3987-KQDDU,0.6722562494676851,1,High
2070-XYMFH,0.6722256365224974,1,High
5208-HFSBT,0.6718174671927414,1,High
2582-FFFZR,0.6716799205773564,1,High
9529-OFXHY,0.6714350147621412,1,High
5119-KEPFY,0.6714214302448375,1,High
9026-RNUJS,0.6712504525666456,1,High
5404-GGUKR,0.6711575281578657,1,High
4879-GZLFH,0.6709594388141221,1,High
7296-PIXQY,0.6708196841868654,1,High
3540-RZJYU,0.6706746659421943,1,High
6080-TCMYC,0.6705971322321199,1,High
7483-IQWIB,0.6702855715249836,1,High
0637-UBJRP,0.670199576939692,1,High
1469-LBJQJ,0.6700270267955009,1,High
2718-GAXQD,0.669948893107488,1,High
0141-YEAYS,0.669902023606839,1,High
3677-TNKIO,0.6698883792434578,1,High
4947-DSMXK,0.6694811083753099,1,High
7978-DKUQH,0.6693560635419347,1,High
3969-GYXEL,0.6693453355014816,1,High
5916-QEWPT,0.6689196014370871,1,High
5485-WUYWF,0.6688713787958056,1,High
5331-RGMTT,0.6685638822868873,1,High
8676-OOQEJ,0.6684661482190486,1,High
6557-BZXLQ,0.6682879331668408,1,High
4592-IWTJI,0.6681639005058649,1,High
4026-SKKHW,0.6681256531219137,1,High
1472-TNCWL,0.668107938615766,1,High
3005-NFMTA,0.6680630517726551,1,High
1346-UFHAX,0.6677377419686199,1,High
4238-JSSWH,0.667321079602539,1,High
7207-RMRDB,0.6668587423442662,1,High
7517-SAWMO,0.6666471622600989,1,High
5222-IMUKT,0.6665893538376721,1,High
7599-FKVXZ,0.6664019303136925,1,High
9408-HRXRK,0.666401433282444,1,High
3932-CMDTD,0.6663232181304042,1,High
3197-ARFOY,0.6659415102472395,1,High
6633-MPWBS,0.665723775885473,1,High
1550-EENBN,0.6656686476803328,1,High
2122-YWVYA,0.6655475407634339,1,High
9450-TRJUU,0.665500338432294,1,High
4948-WBBKL,0.6654155349168664,1,High
6988-CJEYV,0.665360050176796,1,High
8824-RWFXJ,0.6653381212887459,1,High
4828-FAZPK,0.6647642054208285,1,High
5156-UMKOW,0.6647139986196271,1,High
0111-KLBQG,0.6647119926013411,1,High
3955-JBZZM,0.6645979809652369,1,High
8849-AYPTR,0.6645797323453478,1,High
3481-JHUZH,0.6636573131891756,1,High
5515-AKOAJ,0.6635623414477995,1,High
2519-FAKOD,0.6634875520120018,1,High
9286-DOJGF,0.6633478355217297,1,High
3524-WQDSG,0.6632737457087774,1,High
2874-YXVVA,0.6630112034322968,1,High
0177-PXBAT,0.6625024374232292,1,High
2523-EWWZL,0.6624611571230796,1,High
9369-XFEHK,0.6624290515883842,1,High
9492-TOKRI,0.6621999781656753,1,High
6416-YJTTB,0.6619855905415725,1,High
4061-UKJWL,0.6619808733424379,1,High
6259-WJQLC,0.6617785379757671,1,High
5482-VXSXJ,0.6616800589597845,1,High
8660-BUETV,0.6616366919069618,1,High
2657-ALMWY,0.6615355495089337,1,High
0475-RIJEP,0.6613935686799322,1,High
5099-BAILX,0.660767486130603,1,High
7129-ACFOG,0.6606374890488804,1,High
5650-VDUDS,0.660333427064915,1,High
8123-QBNAZ,0.6602115403373912,1,High
1216-JWVUX,0.6601187070400603,1,High
9904-EHEVJ,0.659979501667419,1,High
6961-VCPMC,0.6598141702505254,1,High
6078-VESFR,0.6597226132991842,1,High
5143-EGQFK,0.6596994777383158,1,High
5502-RLUYV,0.6595871144454124,1,High
1818-ESQMW,0.6593325465372275,1,High
5389-FFVKB,0.6592525496106615,1,High
1095-JUDTC,0.6590856952571444,1,High
3768-NLUBH,0.6590550658463703,1,High
9505-SQFSW,0.6589223542574492,1,High
6581-NQCBA,0.6588869735143145,1,High
8631-WUXGY,0.6588503048994363,1,High
2683-BPJSO,0.6583102349346541,1,High
9167-APMXZ,0.6582889370098047,1,High
9564-KCLHR,0.6580812599443399,1,High
2587-EKXTS,0.6580388703394273,1,High
5609-IMCGG,0.6575517526423795,1,High
6284-AHOOQ,0.6575312734180343,1,High
7410-OIEDU,0.6573659217098977,1,High
1384-RCUXW,0.6573114415996145,1,High
7718-RXDGG,0.6572663018794366,1,High
1482-OXZSY,0.6571085478500164,1,High
3771-PZOBW,0.6570851325271584,1,High
2049-BAFNW,0.6570243233329054,1,High
0749-IRGQE,0.656731475532036,1,High
7562-UXTPG,0.65657252273638,1,High
6543-CPZMK,0.6564442762817515,1,High
2141-RRYGO,0.6562010928555003,1,High
2322-VCZHZ,0.6561534673743288,1,High
5453-AXEPF,0.6561365937861166,1,High
7395-IGJOS,0.6554719126524938,1,High
0265-PSUAE,0.6549941409350477,1,High
4840-ORQXB,0.6546967153800243,1,High
9944-AEXBM,0.6544747501783746,1,High
2181-UAESM,0.6542775615701584,1,High
8019-ENHXU,0.6540065280304683,1,High
8623-TMRBY,0.6539936163944684,1,High
7181-OQCUT,0.6538513022710861,1,High
8914-RBTSB,0.6536247067151346,1,High
6522-YRBXD,0.6532113657927817,1,High
5461-QKNTN,0.6530020084147063,1,High
7963-GQRMY,0.6529537804704004,1,High
7126-RBHSD,0.6527168574964847,1,High
9108-EJFJP,0.6526606091609244,1,High
5498-TXHLF,0.6526364621088341,1,High
1320-REHCS,0.6522683044685408,1,High
8601-QACRS,0.6519899988516864,1,High
7460-ITWWP,0.6514426263408267,1,High
0212-ISBBF,0.6512772780160274,1,High
7979-CORPM,0.6506733933447234,1,High
5294-DMSFH,0.650238091175199,1,High
5087-SUURX,0.6501822335384011,1,High
2675-OTVVJ,0.6500957689950344,1,High
5895-QSXOD,0.6499226811689796,1,High
6599-SFQVE,0.6498442987557626,1,High
2811-POVEX,0.6494792846838144,1,High
2604-IJPDU,0.6492931325268221,1,High
4360-PNRQB,0.6490159037140141,1,High
5813-UECBU,0.6489834684052294,1,High
5141-ZUVBH,0.6489604899621648,1,High
3853-LYGAM,0.6488974507491327,1,High
8654-DHAOW,0.6488455763463156,1,High
8563-OYMQY,0.6484934960753197,1,High
0869-PAPRP,0.6483683562814238,1,High
8805-JNRAZ,0.6483591048918018,1,High
9722-UJOJR,0.6481933062501771,1,High
5533-NHFRF,0.6480973807038735,1,High
0504-HHAPI,0.6480575383652708,1,High
0581-MDMPW,0.6478467965727703,1,High
5016-IBERQ,0.6476915346669241,1,High
2974-GGUXS,0.6476384149381416,1,High
5948-UJZLF,0.6475393152359522,1,High
2607-FBDFF,0.6467857788265058,1,High
7682-AZNDK,0.6466994036731895,1,High
0867-MKZVY,0.6466955258659266,1,High
1271-SJBGZ,0.6465433910122195,1,High
1335-NTIUC,0.6465303333714117,1,High
6243-OZGFH,0.6462825738104324,1,High
4013-UBXWQ,0.6462295121698247,1,High
3331-HQDTW,0.6461949573436003,1,High
6982-UQZLY,0.6460508834834289,1,High
3932-IJWDZ,0.6458942820293111,1,High
5215-LNLDJ,0.6458250497137934,1,High
9272-LSVYH,0.6458235391696279,1,High
0541-FITGH,0.645771396503442,1,High
5536-RTPWK,0.6457644394738054,1,High
5204-QZXPU,0.645503449778817,1,High
1845-CSBRZ,0.6449296595339851,1,High
2277-VWCNI,0.6447563928130027,1,High
6987-XQSJT,0.6446914191618756,1,High
0929-HYQEW,0.6441686401711071,1,High
1587-FKLZB,0.643991083981692,1,High
4625-EWPTF,0.6437417167279208,1,High
9699-UBQFS,0.6437347233636994,1,High
6741-EGCBI,0.6433689818067844,1,High
7246-ZGQDF,0.6432818499523711,1,High
5493-SDRDQ,0.643223041386155,1,High
2856-NNASM,0.6431241205595375,1,High
7055-HNEOJ,0.64308140092447,1,High
8565-CLBZW,0.6430027034858063,1,High
1670-SVOWZ,0.6429828112223431,1,High
0577-WHMEV,0.6424873737880441,1,High
2277-DJJDL,0.6420731092385474,1,High
5295-PCJOO,0.6418190187475616,1,High
2452-KDRRH,0.6417948383609455,1,High
7739-LAXOG,0.6414875909302158,1,High
0376-OIWME,0.6414768813304383,1,High
8313-KTIHG,0.6413851842063801,1,High
7641-EUYET,0.6410278232772529,1,High
1194-HVAIF,0.6410018993484401,1,High
3668-QPYBK,0.6408207595880462,1,High
2480-SQIOB,0.6404011676149521,1,High
0397-GZBBC,0.6402044171536097,1,High
0578-SKVMF,0.6400777486074608,1,High
7481-ATQQS,0.6397100838089417,1,High
3656-TKRVZ,0.6396433770727552,1,High
2273-QCKXA,0.639224057120234,1,High
3804-RVTGV,0.6390140671918277,1,High
1541-ETJZO,0.6390088335548529,1,High
9576-SYUHJ,0.6389275981413245,1,High
3208-YPIOE,0.6388072423193263,1,High
1791-PQHBB,0.6385143673753723,1,High
8160-HOWOX,0.6382278185334789,1,High
9348-YVOMK,0.6380633639644762,1,High
0701-RFGFI,0.637369516880326,1,High
7580-UGXNC,0.6372027332190398,1,High
3569-EDBPQ,0.6371573241108364,1,High
8058-DMYRU,0.6366375244551442,1,High
2921-XWDJH,0.6363460322132983,1,High
5173-WXOQV,0.6363093398699445,1,High
0601-WZHJF,0.636216366520439,1,High
8695-WDYEA,0.636142048163249,1,High
9281-OFDMF,0.6350329105348447,1,High
8818-XYFCQ,0.6350175608160087,1,High
4257-GAESD,0.6348844324426712,1,High
7501-VTYLJ,0.6348793458953348,1,High
6646-JPPHA,0.6344593251612165,1,High
2606-RMDHZ,0.6344501222264088,1,High
8885-QSQBX,0.634227064096776,1,High
6402-EJMWF,0.6336198742486423,1,High
8404-GFGCZ,0.633388918321143,1,High
2573-GYRUU,0.6330763606994376,1,High
3196-NVXLZ,0.6329736110339166,1,High
1635-FJFCC,0.6325285625281211,1,High
3923-CSIHK,0.6319410297264887,1,High
5175-AOBHI,0.6318003025120452,1,High
8155-IBNHG,0.6316892533782301,1,High
6240-EURKS,0.6316198942449105,1,High
4471-KXAUH,0.6313145757745581,1,High
0585-EGDDA,0.6311321040247271,1,High
4566-GOLUK,0.6308275893475277,1,High
6711-VTNRE,0.6307215376459421,1,High
0407-BDJKB,0.6302231754773624,1,High
7813-ZGGAW,0.630046595599395,1,High
7318-EIVKO,0.6300178303088293,1,High
6923-EFPNL,0.6298450719980947,1,High
2712-SYWAY,0.6298201927867144,1,High
8229-TNIQA,0.6296636822406864,1,High
1842-EZJMK,0.6296336046995058,1,High
6481-ESCNL,0.6294652351861163,1,High
8988-ECPJR,0.629338992919825,1,High
6692-YQHXC,0.6290596537376965,1,High
3943-KDREE,0.6289399851138407,1,High
9800-ONTFE,0.628832723868596,1,High
7176-WIONM,0.6286447768930297,1,High
8468-EHYJA,0.6284295911415104,1,High
2823-LKABH,0.6284021895862126,1,High
8718-PTMEZ,0.6280021921586414,1,High
4183-WCSEP,0.6279706658150231,1,High
9278-VZKCD,0.6278190029536981,1,High
1785-BPHTP,0.6274087989167811,1,High
6771-XWBDM,0.6272590498396008,1,High
4343-EJVQB,0.6270444850132764,1,High
0623-IIHUG,0.6269490050366187,1,High
6172-FECYY,0.6269255087561658,1,High
9526-JAWYF,0.6265205458793166,1,High
2873-ZLIWT,0.6264663505796699,1,High
1582-RAFML,0.6264454545775822,1,High
6845-RGTYS,0.6261383222061313,1,High
3211-ILJTT,0.6260130662391168,1,High
3761-FLYZI,0.6253007481186257,1,High
4465-VDKIQ,0.6252220871238348,1,High
2347-WKKAE,0.6248081382419352,1,High
2195-ZRVAX,0.6247547703618446,1,High
7576-JMYWV,0.6246838781546182,1,High
3620-MWJNE,0.6244583012011835,1,High
9512-UIBFX,0.6243529791439388,1,High
6339-DKLMK,0.6241667430445524,1,High
6652-YFFJO,0.6234688203534446,1,High
3018-TFTSU,0.6233969545504356,1,High
3452-ABWRL,0.6230572891623449,1,High
3005-TYFRD,0.6230399379974179,1,High
2373-NTKOD,0.6226946064212433,1,High
3665-JATSN,0.6226105310293965,1,High
2911-WDXMV,0.622518860601895,1,High
9412-GHEEC,0.6225105497726537,1,High
6629-LADHQ,0.6221462868592169,1,High
8645-KWHJO,0.6221090748686391,1,High
8544-GOQSH,0.6220787818232543,1,High
5626-MGTUK,0.6220027329974556,1,High
2947-DOMLJ,0.6216447593577363,1,High
4860-IJUDE,0.6215946148566337,1,High
2960-NKRSO,0.6214699359222556,1,High
1452-KIOVK,0.6213250725504871,1,High
0666-UXTJO,0.621302963882202,1,High
4881-JVQOD,0.6212399845221581,1,High
6439-GTPCA,0.621192881802043,1,High
7277-OZCGZ,0.6211667605019694,1,High
0531-ZZJWQ,0.621064107324433,1,High
1689-MRZQR,0.6208654164283823,1,High
0634-SZPQA,0.6202665456944363,1,High
8456-QDAVC,0.6199381215393139,1,High
5922-ABDVO,0.6198868942706648,1,High
4581-LNWUM,0.61978856312021,1,High
0596-BQCEQ,0.6197555822226974,1,High
9537-VHDTA,0.619277697761496,1,High
6834-NXDCA,0.619121092339505,1,High
1910-FMXJM,0.6189717450516552,1,High
2476-YGEFM,0.6188825865479513,1,High
7634-WSWDB,0.6182480322104957,1,High
4911-BANWH,0.6180647581932547,1,High
9112-WSNPU,0.6180545931855038,1,High
2227-JRSJX,0.6179161190225084,1,High
4829-AUOAX,0.6178747570739179,1,High
9137-UIYPG,0.6173493361664508,1,High
1323-OOEPC,0.6169165591010006,1,High
3737-XBQDD,0.6163968848169836,1,High
2955-PSXOE,0.6162676608714804,1,High
4558-FANTW,0.6161953314793543,1,High
1399-UBQIU,0.6161766327581948,1,High
4220-TINQT,0.6158096552136361,1,High
7964-VEXDG,0.615427533299091,1,High
7011-CVEUC,0.6152820106536849,1,High
9732-EQMWY,0.6150947852636945,1,High
7030-NJVDP,0.6149593250138202,1,High
9462-MJUAW,0.6146890811725244,1,High
7470-MCQTK,0.6145771435025349,1,High
9776-CLUJA,0.6144988827183989,1,High
1493-AMTIE,0.6143868897694542,1,High
4523-WXCEF,0.6143642156116598,1,High
9708-HPXWZ,0.6141470389023691,1,High
9819-FBNSV,0.6136761396675092,1,High
0778-NELLA,0.6134202716879407,1,High
3838-OZURD,0.6134046541057661,1,High
9626-WEQRM,0.613199429646061,1,High
6917-IAYHD,0.613183038228625,1,High
2208-UGTGR,0.6130289312781578,1,High
5712-AHQNN,0.6125818485236291,1,High
0064-YIJGF,0.6125211503908442,1,High
1307-TVUFB,0.6124847024381217,1,High
0734-OXWBT,0.6123949705556894,1,High
7895-VONWT,0.6121936284122489,1,High
9842-EFSYY,0.6118250355874331,1,High
6862-CQUMB,0.6117807011253241,1,High
0564-MUUQK,0.6117260272730964,1,High
3577-AMVUX,0.6108482354307095,1,High
5628-RKIFK,0.610774889891253,1,High
7567-ECMCM,0.6106489476741772,1,High
4818-DRBQT,0.6104867663463477,1,High
0979-PHULV,0.6103621162073711,1,High
5950-AAAGJ,0.60990998424975,1,High
5302-BDJNT,0.6096332771399642,1,High
4821-SJHJV,0.6095466566326392,1,High
3161-GETRM,0.6092975961942341,1,High
8535-SFUTN,0.609213402426238,1,High
2203-GHNWN,0.609107769051088,1,High
6729-GDNGC,0.6088659629436952,1,High
6537-QLGEX,0.6085332927395959,1,High
2565-JSLRY,0.6080872767955354,1,High
3348-CFRNX,0.6077567121711493,1,High
8840-DQLGN,0.6075687831123234,1,High
0428-IKYCP,0.6070587081667155,1,High
8212-CRQXP,0.6069071180542198,1,High
1891-FZYSA,0.6067691424245931,1,High
7268-IGMFD,0.6064727318934596,1,High
1552-AAGRX,0.606169395127061,1,High
3845-FXCYS,0.6056614339313708,1,High
7291-CDTMJ,0.6055967448491546,1,High
2360-RDGRO,0.6055359459581531,1,High
4897-QSUYC,0.605507066399457,1,High
0533-BNWKF,0.6054920351606945,1,High
7529-ZDFXI,0.6054329140956279,1,High
4760-THGOT,0.6053223011867617,1,High
7839-QRKXN,0.6053134596329826,1,High
4989-LIXVT,0.6043204148826767,1,High
2235-ZGKPT,0.6041926776146594,1,High
8450-JOVAH,0.6038785916254559,1,High
5301-GAUUY,0.6036901615709718,1,High
9793-WECQC,0.6036340793125226,1,High
3132-TVFDZ,0.6035096464364152,1,High
7658-UYUQS,0.6034470709176489,1,High
5536-SLHPM,0.6033631845161731,1,High
2585-KTFRE,0.6030175419943218,1,High
1000-AJSLD,0.602943722499187,1,High
1240-KNSEZ,0.602943722499187,1,High
5356-RHIPP,0.6029400527497206,1,High
8305-VHZBZ,0.6029400527497206,1,High
6693-FRIRW,0.6028840938539427,1,High
1728-CXQBE,0.6028662488520771,1,High
7774-OJSXI,0.602859282329395,1,High
3446-QDSZF,0.6028467914438127,1,High
9003-CPATH,0.6028262430103548,1,High
4957-TREIR,0.6025168572634231,1,High
5055-MGMGF,0.6024102548832979,1,High
1453-RZFON,0.6022948804804681,1,High
4781-ZXYGU,0.602179077421689,1,High
5118-MUEYH,0.6020797462903762,1,High
3144-AUDBS,0.6018070520884684,1,High
4248-HCETZ,0.6012599099782665,1,High
5143-WMWOG,0.6009793416765902,1,High
0089-IIQKO,0.600889019616061,1,High
9079-YEXQJ,0.6007980739684079,1,High
3733-LSYCE,0.6005766206564571,1,High
0823-HSCDJ,0.6005389768740315,1,High
2133-TSRRM,0.6003664903561081,1,High
5312-UXESG,0.600231295416332,1,High
3898-GUYTS,0.6002071040827187,1,High
4800-VHZKI,0.6000653333292479,1,High
4661-NJEUX,0.599817787655178,1,Medium
0365-GXEZS,0.5997794033485914,1,Medium
0096-BXERS,0.5996813540575276,1,Medium
1098-TDVUQ,0.5996289020942831,1,Medium
2761-XECQW,0.5995364185306966,1,Medium
7927-AUXBZ,0.5994899398720871,1,Medium
2101-RANCD,0.5994729306582032,1,Medium
1548-FEHVL,0.5994186574797731,1,Medium
6891-JPYFF,0.5993956746462605,1,Medium
7758-XKCBS,0.5993869393336484,1,Medium
2369-FEVNO,0.5988476487074149,1,Medium
6173-GOLSU,0.5986544002823059,1,Medium
5175-WLYXL,0.5985634435593925,1,Medium
4588-YBNIB,0.5982724734366867,1,Medium
8108-UXRQN,0.5982383899815068,1,Medium
2302-ANTDP,0.5981205704425219,1,Medium
4329-YPDDQ,0.5979542266632141,1,Medium
5572-ZDXHY,0.5979146574406988,1,Medium
9445-SZLCH,0.597908272924148,1,Medium
6179-GJPSO,0.5976504651794665,1,Medium
4801-JZAZL,0.5974054713878275,1,Medium
7248-VZQLC,0.5973287330614621,1,Medium
7982-VCELR,0.5972586119927239,1,Medium
4570-QHXHL,0.597044726842967,1,Medium
3043-TYBNO,0.5969154090270338,1,Medium
7989-CHGTL,0.5967355035725527,1,Medium
2187-LZGPL,0.5962717738148369,1,Medium
2465-BLLEU,0.5962637493272558,1,Medium
0363-QJVFX,0.5961578882936065,1,Medium
6331-LWDTQ,0.5958925493918383,1,Medium
7814-LEEVE,0.5957863684030409,1,Medium
1156-ZFYDO,0.5956896842168784,1,Medium
7893-IXHRQ,0.5955525613481644,1,Medium
1871-MOWRM,0.5954481082563005,1,Medium
1622-HSHSF,0.5953961831676918,1,Medium
7401-RUBNK,0.5953097500099047,1,Medium
7129-CAKJW,0.5952844431479398,1,Medium
8566-YPRGL,0.5951274931979451,1,Medium
8620-RJPZN,0.5950749019347016,1,Medium
5630-AHZIL,0.5949873021671059,1,Medium
9206-GVPEQ,0.5949611698414032,1,Medium
0410-IPFTY,0.5948819537414094,1,Medium
3323-CPBWR,0.5948068771049109,1,Medium
7853-GVUDZ,0.5947305089387636,1,Medium
2309-OSFEU,0.5946465360344606,1,Medium
0118-JPNOY,0.594332289302228,1,Medium
5213-TWWJU,0.5941430835130176,1,Medium
5906-BFOZT,0.5939048367237677,1,Medium
9158-VCTQB,0.5938973103727994,1,Medium
7298-IZWLY,0.5936401171086544,1,Medium
5828-AVIPD,0.5936283247554528,1,Medium
4361-BKAXE,0.5935806486042734,1,Medium
0621-TWIEM,0.5935534021600224,1,Medium
7627-JKIAZ,0.5935295405009733,1,Medium
9919-YLNNG,0.5934761844443002,1,Medium
3137-LUPIX,0.5933630051794871,1,Medium
3815-SLMEF,0.593034136389349,1,Medium
2359-KLTEK,0.592841159746657,1,Medium
9659-QEQSY,0.5928332863872718,1,Medium
9948-YPTDG,0.5928081281255811,1,Medium
8728-SKJLR,0.5927113720147384,1,Medium
0599-XNYDO,0.592593042246202,1,Medium
4667-OHGKG,0.5925092969019737,1,Medium
5088-QZLRL,0.5924618499320189,1,Medium
5522-NYKPB,0.5923743586833211,1,Medium
7853-WNZSY,0.592055956080078,1,Medium
5839-SUYVZ,0.5919983042697705,1,Medium
0761-AETCS,0.5916556678151781,1,Medium
5071-FBJFS,0.5915405013596565,1,Medium
7617-EYGLW,0.5909017280827236,1,Medium
1261-FWTTE,0.5908420976851587,1,Medium
7854-EKTJL,0.5905686882514793,1,Medium
5419-JKZNQ,0.5904488396645865,1,Medium
5590-YRFJT,0.590359526520086,1,Medium
5977-CKHON,0.5901424915717208,1,Medium
1173-NOEYG,0.5898058468107539,0,Medium
5339-TJFEK,0.589621523756412,0,Medium
0468-YRPXN,0.5895915671856718,0,Medium
9469-WEJBT,0.5894092004874729,0,Medium
2632-UCGVD,0.5890408027097698,0,Medium
7112-OPOTK,0.5889030620979474,0,Medium
6180-YBIQI,0.5888560326172139,0,Medium
0670-KDOMA,0.5887425927162405,0,Medium
2876-VBBBL,0.5887425927162405,0,Medium
8614-VGMMV,0.5883682489153321,0,Medium
3594-KADLU,0.5883547457956313,0,Medium
2883-ILGWO,0.5881929634573841,0,Medium
0277-BKSQP,0.5881088483612126,0,Medium
6927-WTFIV,0.5880324401515462,0,Medium
4566-QVRRW,0.5879348654978231,0,Medium
9026-LHEVG,0.5879268151118178,0,Medium
7504-UWHNB,0.587758582594645,0,Medium
7905-TVXTA,0.5877578351676191,0,Medium
6351-SCJKT,0.5874062454872495,0,Medium
1481-ZUWZA,0.5873527746398997,0,Medium
7130-YXBRO,0.5873093775306824,0,Medium
9470-XCCEM,0.5872068985594231,0,Medium
5419-KLXBN,0.5871719720117752,0,Medium
6168-YBYNP,0.5871578335504541,0,Medium
3956-CJUST,0.5870395558307364,0,Medium
7587-AOVVU,0.5870092686652999,0,Medium
1101-SSWAG,0.5869942504869546,0,Medium
4824-GUCBY,0.5867258352836887,0,Medium
2043-WVTQJ,0.586617910729148,0,Medium
8073-IJDCM,0.58656201319921,0,Medium
6075-SLNIL,0.5862372899795605,0,Medium
8149-AIQCG,0.5861559518131947,0,Medium
5371-VYLSX,0.5861355579728111,0,Medium
8496-EJAUI,0.5861065631303434,0,Medium
8178-EYZUO,0.5859580923627117,0,Medium
2081-KJSQF,0.5858848316021305,0,Medium
2391-SOORI,0.5857443463543884,0,Medium
5697-GOMBF,0.5855583031160807,0,Medium
2674-MLXMN,0.5855522572027576,0,Medium
5882-CMAZQ,0.585460417291523,0,Medium
9381-NDKME,0.5854334801570679,0,Medium
4634-JLRJT,0.5852086181631352,0,Medium
6128-AQBMT,0.5849297721830973,0,Medium
3807-XHCJH,0.5844434158074489,0,Medium
4143-HHPMK,0.5844187462595526,0,Medium
3859-CVCET,0.5844177025087192,0,Medium
4811-JBUVU,0.5842561039252279,0,Medium
2480-JZOSN,0.584073020760177,0,Medium
0257-ZESQC,0.5840458647602702,0,Medium
4718-DHSMV,0.583893213514775,0,Medium
5392-AKEMH,0.5838631439319417,0,Medium
1421-HCERK,0.5838585509746341,0,Medium
0430-IHCDJ,0.583241880028462,0,Medium
3503-TYDAY,0.5827418367120286,0,Medium
6710-HSJRD,0.582333264963317,0,Medium
0178-SZBHO,0.5820453449079707,0,Medium
6227-HWPWX,0.5820391793080246,0,Medium
5027-XWQHA,0.5819402342503927,0,Medium
5996-DAOQL,0.5815619178705843,0,Medium
8262-COGGB,0.5815619178705843,0,Medium
8158-WPEZG,0.5814318493531759,0,Medium
9979-RGMZT,0.5813450105820508,0,Medium
9629-NHXFW,0.5813326658970441,0,Medium
9029-FEGVJ,0.5812848058532551,0,Medium
2074-GUHPQ,0.5811833513630018,0,Medium
1930-WNXSB,0.5811319365258629,0,Medium
5716-LIBJC,0.5810981817901926,0,Medium
8552-OBVRU,0.5806895680918129,0,Medium
4176-FXYBO,0.5805876593926865,0,Medium
5433-KYGHE,0.5805485270874577,0,Medium
6257-RJOHI,0.5802914073357005,0,Medium
9681-KYGYB,0.580062471530268,0,Medium
5349-AZPEW,0.5799137727613999,0,Medium
6353-BRMMA,0.5797728778050001,0,Medium
4657-FWVFY,0.579758189282162,0,Medium
7547-EKNFS,0.5795449257115575,0,Medium
0311-QYWSS,0.5795399164494625,0,Medium
2988-PLAHS,0.5795298017620057,0,Medium
1767-TGTKO,0.579502356915495,0,Medium
7351-KYHQH,0.5794273641108652,0,Medium
0807-ZABDG,0.5793613968547046,0,Medium
6233-HXJMX,0.5793463655268152,0,Medium
4323-SADQS,0.5789997850093567,0,Medium
4554-YGZIH,0.5784933682283255,0,Medium
9921-QFQUL,0.5784174779652216,0,Medium
2040-VZIKE,0.5783719354795848,0,Medium
4526-ZJJTM,0.5782754418697789,0,Medium
5028-HTLJB,0.5781015474986899,0,Medium
3023-GFLBR,0.578022774823832,0,Medium
3679-XASPY,0.577938863940863,0,Medium
1685-BQULA,0.5779279301949845,0,Medium
4680-KUTAJ,0.5779057571019289,0,Medium
4255-DDUOU,0.577700989213983,0,Medium
3780-YVMFA,0.5773581847762983,0,Medium
3571-RFHAR,0.5773066901907611,0,Medium
9103-CXVOK,0.5771154939411726,0,Medium
8272-ONJLV,0.5770221976169028,0,Medium
9822-WMWVG,0.5769830627784376,0,Medium
6704-UTUKK,0.576965590396851,0,Medium
0943-ZQPXH,0.5768852574133796,0,Medium
1228-FZFRV,0.5767193397169699,0,Medium
8761-NSOBC,0.5763522377650366,0,Medium
9495-SKLKD,0.5750700828832682,0,Medium
3404-JNXAX,0.5750408179949806,0,Medium
1427-VERSM,0.5749904309132301,0,Medium
0643-OKLRP,0.5748634033104052,0,Medium
8327-LZKAS,0.5747498136291556,0,Medium
7743-EXURX,0.5747192366975709,0,Medium
2720-FVBQP,0.5747085838569341,0,Medium
4690-LLKUA,0.574674192634514,0,Medium
9667-EQRXU,0.5746714445987723,0,Medium
4067-HLYQI,0.5745834900706961,0,Medium
1396-QWFBJ,0.5745702631342429,0,Medium
2108-YKQTY,0.5743104185005538,0,Medium
3692-JHONH,0.5741847983446473,0,Medium
0786-VSSUD,0.5740249111368252,0,Medium
7878-JGDKK,0.5735703786339784,0,Medium
9693-XMUOB,0.5733852319000814,0,Medium
7730-IUTDZ,0.573333693534564,0,Medium
6121-VZNQB,0.5732943342459236,0,Medium
6825-UYPFK,0.5731929862224203,0,Medium
3090-LETTY,0.5731736083238455,0,Medium
6591-QGOYB,0.5727880911589912,0,Medium
9374-YOLBJ,0.5726822581700755,0,Medium
6896-SRVYQ,0.5725305345735382,0,Medium
5804-HYIEZ,0.5723073328191075,0,Medium
3787-TRIAL,0.5722526988387985,0,Medium
0129-KPTWJ,0.5719228928509661,0,Medium
1725-MIMXW,0.5718441210878058,0,Medium
9644-UMGQA,0.5717294714952568,0,Medium
0486-HECZI,0.5712351864140492,0,Medium
4238-HFHSN,0.5706224664474371,0,Medium
1518-VOWAV,0.5700324596721364,0,Medium
0015-UOCOJ,0.5696458990272466,0,Medium
2105-PHWON,0.5696050260326694,0,Medium
0730-KOAVE,0.5694789789204826,0,Medium
9318-NKNFC,0.5694758843736543,0,Medium
5146-CBVOE,0.5693407531258822,0,Medium
9332-GYWLO,0.5691714168734852,0,Medium
8267-KFGYD,0.5690566852386012,0,Medium
3587-PMCOY,0.5689072096053789,0,Medium
4191-XOVOM,0.5688068013286881,0,Medium
7009-LGECI,0.568493344957347,0,Medium
1724-IQWNM,0.5682332474685872,0,Medium
2931-SVLTV,0.5680440393882553,0,Medium
0829-XXPLX,0.5679650637095733,0,Medium
7636-OWBPG,0.5676342035573392,0,Medium
4130-MZLCC,0.5673449771712218,0,Medium
8782-LKFPK,0.5671439727782239,0,Medium
2067-QYTCF,0.567001324772256,0,Medium
6921-OZMFH,0.5667325776035586,0,Medium
2207-QPJED,0.5664740698294727,0,Medium
3466-RITXD,0.5664606979917339,0,Medium
6135-OZQVA,0.5659425915327692,0,Medium
8647-SDTWQ,0.5658902404674149,0,Medium
0867-LDTTC,0.5654804783755054,0,Medium
3694-DELSO,0.5653423570309917,0,Medium
4468-YDOVK,0.5652978796863588,0,Medium
9522-BNTHX,0.5652484540434588,0,Medium
6769-DYBQN,0.56524499411563,0,Medium
7396-VJUZB,0.5649471882753778,0,Medium
8388-FYNPZ,0.5649359066758023,0,Medium
6641-XRPSU,0.5647349640577939,0,Medium
8992-CEUEN,0.5645019026469857,0,Medium
2378-HTWFW,0.5644432971261721,0,Medium
2625-TRCZQ,0.5643711491037711,0,Medium
3509-GWQGF,0.5641641526444615,0,Medium
6313-GIDIT,0.5637371134302553,0,Medium
6133-OZILE,0.5636989689984171,0,Medium
2144-BFDSO,0.5634250202272928,0,Medium
1373-ORVIZ,0.5629420135299906,0,Medium
5934-TSSAU,0.5629380376874629,0,Medium
3945-GFWQL,0.5625043829839583,0,Medium
5057-LCOUI,0.5624584102127209,0,Medium
1025-FALIX,0.562306060993006,0,Medium
4482-FTFFX,0.5622821747845841,0,Medium
3976-BWUCK,0.5622405852724562,0,Medium
4232-JGKIY,0.5620717876629888,0,Medium
3014-WJKSM,0.5616025603928311,0,Medium
2100-BDNSN,0.5615589901904431,0,Medium
9584-EXCDZ,0.5613993359935752,0,Medium
5868-YTYKS,0.5612290082177169,0,Medium
7916-VCCPB,0.5611046296923655,0,Medium
6847-KJLTS,0.5610056243981589,0,Medium
2478-EEWWM,0.5609430758352079,0,Medium
2842-BCQGE,0.5607578516803474,0,Medium
1310-QRITU,0.5605056930438334,0,Medium
6360-SVNWV,0.5602752448105888,0,Medium
4010-YLMVT,0.560162961335128,0,Medium
0727-BMPLR,0.5600388897744388,0,Medium
2479-BRAMR,0.5596247976405294,0,Medium
1423-BMPBQ,0.5595945509087727,0,Medium
5394-SVGJV,0.5593793847138203,0,Medium
2519-LBNQL,0.5593698078813565,0,Medium
0804-XBFBV,0.5593147547421415,0,Medium
9474-PHLYD,0.5589038922305976,0,Medium
3062-ICYZQ,0.5588261974931035,0,Medium
3094-JOJAI,0.5583633597062714,0,Medium
5973-EJGDP,0.5580242472192433,0,Medium
9812-GHVRI,0.5580032685644738,0,Medium
2869-ADAWR,0.5579874880285218,0,Medium
4883-QICIH,0.5576416053832237,0,Medium
0295-QVKPB,0.5574524228795734,0,Medium
1996-DBMUS,0.5572465334560814,0,Medium
7521-AFHAB,0.5571461363577722,0,Medium
1548-ARAGG,0.5571224878810013,0,Medium
2931-FSOHN,0.5569497659953749,0,Medium
6908-VVYHM,0.5563858246917587,0,Medium
3207-OYBWH,0.5562714324660758,0,Medium
3419-SNJJD,0.5561814293627825,0,Medium
7426-GSWPO,0.556176007183464,0,Medium
2178-PMGCJ,0.5558322235407325,0,Medium
7593-JNWRU,0.5557114921169563,0,Medium
9626-VFRGG,0.5556868015700392,0,Medium
5886-VLQVU,0.55561175066857,0,Medium
7077-XJMET,0.5554462949284895,0,Medium
5816-QVHRX,0.5554226475085271,0,Medium
0348-SDKOL,0.554184331059185,0,Medium
1100-DDVRV,0.5536339991408092,0,Medium
1564-HJUVY,0.5532445721832325,0,Medium
7798-JVXYM,0.5531657601585959,0,Medium
6646-QVXLR,0.5527997099874644,0,Medium
3162-KKZXO,0.5525780181324653,0,Medium
8065-BVEPF,0.5524859433195843,0,Medium
8677-HDZEE,0.5523908163371545,0,Medium
4931-TRZWN,0.5523654123469974,0,Medium
9777-WJJPR,0.5523235880008133,0,Medium
3814-MLAXC,0.5520305573657165,0,Medium
6599-CEBNN,0.5519823676781637,0,Medium
3195-TQDZX,0.5517214940815893,0,Medium
2386-OWURY,0.5515589081565931,0,Medium
2027-WKXMW,0.5513717725352819,0,Medium
4459-BBGHE,0.5509992920561669,0,Medium
1809-DMJHQ,0.5509801559341392,0,Medium
4607-CHPCA,0.5508100620419492,0,Medium
2692-PFYTJ,0.5507385271370053,0,Medium
5649-VUKMC,0.5505645012593454,0,Medium
9137-NOQKA,0.5504927176070488,0,Medium
2615-YVMYX,0.5504230224360458,0,Medium
8910-LEDAG,0.55032170562197,0,Medium
3351-NGXYI,0.550288199308388,0,Medium
2403-BCASL,0.5500585871278656,0,Medium
8450-UYIBU,0.5498431006167481,0,Medium
1575-KRZZE,0.549697333759104,0,Medium
2037-XJFUP,0.5494701768559735,0,Medium
6362-QHAFM,0.5490337601781508,0,Medium
3192-LNKRK,0.5487509645806526,0,Medium
1216-BGTSP,0.5484862455892985,0,Medium
8740-XLHDR,0.5484839584077499,0,Medium
1228-ZLNBX,0.548461655038687,0,Medium
3349-ANQNH,0.548340806928473,0,Medium
8896-BQTTI,0.548242651906578,0,Medium
2460-FPSYH,0.5482244563556444,0,Medium
2003-CKLOR,0.5478795079625096,0,Medium
7346-MEDWM,0.5473921693449242,0,Medium
2792-VPPET,0.5473323497348497,0,Medium
3308-MHOOC,0.5472682416661279,0,Medium
6728-WYQBC,0.5472089888710847,0,Medium
8329-UTMVM,0.5466314779639839,0,Medium
4256-ZWTZI,0.5464525636266392,0,Medium
2971-SGAFL,0.5463577821116323,0,Medium
6635-CPNUN,0.545234692015348,0,Medium
1855-AGAWH,0.5447217392242583,0,Medium
8963-JLGJT,0.5446400918068888,0,Medium
1849-RJYIG,0.5445631635926949,0,Medium
9761-XUJWD,0.5443776403875293,0,Medium
2252-ISRNH,0.543891531616415,0,Medium
4001-TSBTV,0.5438510579748275,0,Medium
9281-PKKZE,0.543837773513649,0,Medium
6745-JEFZB,0.5437446938016254,0,Medium
6038-GCYEC,0.5436927931115241,0,Medium
0060-FUALY,0.5436606233114288,0,Medium
6624-JDRDS,0.5433148347446939,0,Medium
8096-LOIST,0.5431917349029111,0,Medium
4619-EVPHY,0.5431626035027566,0,Medium
2014-MKGMH,0.54315869398404,0,Medium
7975-TZMLR,0.5431212101944961,0,Medium
2085-BOJKI,0.5429116103869206,0,Medium
3194-ORPIK,0.5428802529344375,0,Medium
0587-DMGBH,0.5428281475480062,0,Medium
1456-TWCGB,0.5426153431564801,0,Medium
1355-KUSBG,0.5425514987648303,0,Medium
7421-ZLUPA,0.5424634944202456,0,Medium
2684-EIWEO,0.5420943995474523,0,Medium
9921-EZKBY,0.5418726960219699,0,Medium
5035-PGZXH,0.5416357289744024,0,Medium
7594-LZNWR,0.5415673337839152,0,Medium
3657-COGMW,0.5415431418590603,0,Medium
4720-VSTSI,0.541314993217387,0,Medium
8651-ENBZX,0.5412805688911027,0,Medium
6538-POCHL,0.5409289183772712,0,Medium
5981-ZVXOT,0.540830489066479,0,Medium
2325-WINES,0.5406206485827085,0,Medium
5624-BQSSA,0.5405858764241159,0,Medium
4724-WXVWF,0.5401209105100464,0,Medium
7064-FRRSW,0.5400823997692061,0,Medium
0426-TIRNE,0.5400180859609127,0,Medium
7434-SHXLS,0.5400180859609127,0,Medium
7243-LCGGZ,0.5400180859609127,0,Medium
3452-SRFEG,0.5398600927364698,0,Medium
6464-KEXXH,0.5397399469307127,0,Medium
4007-NHVHI,0.5396477910615474,0,Medium
5073-WXOYN,0.5395863891992738,0,Medium
2826-DXLQO,0.5394738769132644,0,Medium
4098-NAUKP,0.5390814702508988,0,Medium
8749-JMNKX,0.5390624045699605,0,Medium
4391-LNRXK,0.5390619306047133,0,Medium
6985-HAYWX,0.539056678583128,0,Medium
0461-CVKMU,0.5387654414066665,0,Medium
3714-JTVOV,0.5386763714588914,0,Medium
3583-KRKMD,0.5381917138360298,0,Medium
8152-UOBNY,0.5378584351102094,0,Medium
4831-EOBFE,0.5378411362961923,0,Medium
0481-SUMCB,0.5377679042454644,0,Medium
3058-HJCUY,0.5376124379516762,0,Medium
2455-USLMV,0.5373882530739056,0,Medium
8725-JEDFD,0.537243344044219,0,Medium
5287-QWLKY,0.5372399923930746,0,Medium
8404-FYDIB,0.5366714595837332,0,Medium
1596-BBVTG,0.5365570418881751,0,Medium
5172-MIGPM,0.5364466287966119,0,Medium
1258-YMZNM,0.5363375139585321,0,Medium
4993-JCRGJ,0.536317611612942,0,Medium
5898-IGSLP,0.5361499937151504,0,Medium
6664-FPDAC,0.5360768997686227,0,Medium
3845-JHAMY,0.5360251409495143,0,Medium
8982-NHAVY,0.5359130005173967,0,Medium
3258-SANFR,0.5357746167101696,0,Medium
0742-MOABM,0.5354277250312716,0,Medium
1644-IRKSF,0.5352625579622918,0,Medium
0516-WJVXC,0.5352049294088714,0,Medium
9767-FFLEM,0.5351548631960135,0,Medium
4480-MBMLB,0.5347400459011167,0,Medium
1432-FPAXX,0.534564066982361,0,Medium
0691-IFBQW,0.5343334955031477,0,Medium
4488-KQFDT,0.5342285832245275,0,Medium
2208-NQBCT,0.5337148218037249,0,Medium
1304-BCCFO,0.5337053217500903,0,Medium
1450-SKCVI,0.5334289408482952,0,Medium
3567-PQTSO,0.5332616503333985,0,Medium
6625-UTXEW,0.5332267237602111,0,Medium
6218-KNUBD,0.5330904368413381,0,Medium
3865-QBWSJ,0.5329580995233866,0,Medium
7067-KSAZT,0.53278811560712,0,Medium
7693-QPEFS,0.5327872908597768,0,Medium
6789-HJBWG,0.5327001760928987,0,Medium
1436-ZMJAN,0.532410008091188,0,Medium
8016-NCFVO,0.5323088225568138,0,Medium
7147-AYBAA,0.5319462224433202,0,Medium
6234-PFPXL,0.5318815196019855,0,Medium
1442-BQPVU,0.5318718535389817,0,Medium
1550-LOAHA,0.531570329157613,0,Medium
8387-MOJJT,0.5313969659122857,0,Medium
9210-IAHGH,0.5312285246063566,0,Medium
0380-NEAVX,0.5311789617480979,0,Medium
0980-PVMRC,0.5311668082315055,0,Medium
6410-LEFEN,0.5310982150024,0,Medium
7733-UDMTP,0.531072867146952,0,Medium
2111-DWYHN,0.5305621748270033,0,Medium
4522-AKYLR,0.5304091825347378,0,Medium
1862-SKORY,0.530336371084299,0,Medium
5649-TJHOV,0.5303146231386826,0,Medium
1750-CSKKM,0.5300314586912684,0,Medium
6173-ITPWD,0.5299875082371145,0,Medium
0708-LGSMF,0.5295345814839105,0,Medium
9170-CCKOU,0.5295075034012046,0,Medium
7549-MYGPK,0.5295041705618831,0,Medium
0422-UXFAP,0.5294107417009063,0,Medium
4636-JGAAI,0.5287276110374375,0,Medium
5707-ORNDZ,0.5285938509466563,0,Medium
7957-RYHQD,0.5285498815689946,0,Medium
7251-LJBQN,0.5280685641589876,0,Medium
5671-UUNXD,0.5280621310953328,0,Medium
6968-GMKPR,0.5280302848200074,0,Medium
3683-QKIUE,0.5279148646470218,0,Medium
6807-SIWJI,0.5277040298241712,0,Medium
7850-VWJUU,0.5276546134342524,0,Medium
2075-RMJIK,0.5274789915054336,0,Medium
7075-BNDVQ,0.5267802046480179,0,Medium
1047-NNCBF,0.5266483938269089,0,Medium
9530-EHPOH,0.5260095566050427,0,Medium
2806-MLNTI,0.5258220333104873,0,Medium
4307-KTUMW,0.5253555262769977,0,Medium
7356-IWLFW,0.5252952968927058,0,Medium
2240-HSJQD,0.5246034898946513,0,Medium
9445-ZUEQE,0.5245813586120568,0,Medium
2669-OIDSD,0.5245186698177875,0,Medium
7310-EGVHZ,0.5243277581973195,0,Medium
2834-SPCJV,0.5242476251404552,0,Medium
0924-BJCRC,0.5234854382917711,0,Medium
3143-ILDAL,0.523442390254758,0,Medium
7789-HKSBS,0.5230556738325471,0,Medium
4088-YLDSU,0.5226554535772195,0,Medium
4983-CLMLV,0.5225343262808713,0,Medium
3808-HFKDE,0.5225060604721921,0,Medium
4468-KAZHE,0.5222493561406978,0,Medium
1349-WXNGG,0.5220985336962142,0,Medium
8564-LDKFL,0.5220385312567605,0,Medium
4097-YODCF,0.5219782864684553,0,Medium
1853-ARAAQ,0.5217583206676878,0,Medium
9233-PSYHO,0.5216415661934397,0,Medium
7486-KSRVI,0.5214880968150963,0,Medium
9912-OMZDS,0.5214615429553427,0,Medium
1213-NGCUN,0.5214263119593051,0,Medium
5060-TQUQN,0.5214057642647988,0,Medium
1215-VFYVK,0.5213740921062832,0,Medium
2654-VBVPB,0.5213593207961149,0,Medium
4660-IRIBM,0.5212507421519565,0,Medium
3685-YLCMQ,0.5212469719479423,0,Medium
1329-VHWNP,0.5210953142695492,0,Medium
8344-WFMFH,0.5205691349885122,0,Medium
3445-HXXGF,0.5204095134523721,0,Medium
2782-LFZVW,0.5196936174134066,0,Medium
7993-NQLJE,0.519666887681786,0,Medium
1357-BIJKI,0.5196052630124711,0,Medium
8033-VCZGH,0.5196009729382152,0,Medium
2832-SCUCO,0.5186919355360118,0,Medium
0282-NVSJS,0.5186690689498348,0,Medium
3717-OFRTN,0.5182957484595767,0,Medium
1919-RTPQD,0.518142036053956,0,Medium
9356-AXGMP,0.5180066899017458,0,Medium
1194-SPVSP,0.5177779703511535,0,Medium
0100-DUVFC,0.5174836075310244,0,Medium
3009-JWMPU,0.516866872121344,0,Medium
9776-OJUZI,0.5167085576669312,0,Medium
8974-OVACP,0.5166037592755197,0,Medium
4612-THJBS,0.5162617871887183,0,Medium
2436-QBZFP,0.5161759552839632,0,Medium
5949-EBSQK,0.5156066161210465,0,Medium
1907-YLNYW,0.5155766047152726,0,Medium
9169-BSVIN,0.5149210541434848,0,Medium
2929-QNSRW,0.5149120878817366,0,Medium
3999-WRNGR,0.514704174979216,0,Medium
2894-QOJRX,0.5146556291242925,0,Medium
0268-QKIWO,0.5145487782355209,0,Medium
1934-SJVJK,0.5142400809124443,0,Medium
1066-JKSGK,0.5142400809124443,0,Medium
8751-EDEKA,0.5141209823977786,0,Medium
3148-BLQJT,0.514050084730761,0,Medium
4976-LNFVV,0.5138864734456755,0,Medium
7000-WCEVQ,0.5137990530877918,0,Medium
4786-UKSNZ,0.5136311158888218,0,Medium
6380-ARCEH,0.5136311158888218,0,Medium
3247-MHJKM,0.5136311158888218,0,Medium
8048-DSDFQ,0.5136311158888218,0,Medium
3113-IWHLC,0.5133619741763824,0,Medium
2886-KEFUM,0.5133565109047287,0,Medium
2519-ERQOJ,0.5132010220879752,0,Medium
7245-JMTTQ,0.5130960779073885,0,Medium
7047-FWEYA,0.513058245042789,0,Medium
1658-XUHBX,0.5129453477450353,0,Medium
3842-QTGDL,0.5126791093117741,0,Medium
3325-FUYCG,0.5126052085291726,0,Medium
9835-ZIITK,0.512273982483659,0,Medium
3900-AQPHZ,0.5120863226771853,0,Medium
6654-QGBZZ,0.5120863226771853,0,Medium
7878-RTCZG,0.5120863226771853,0,Medium
3506-LCJDC,0.512036779772959,0,Medium
3055-MJDSB,0.5118058463482611,0,Medium
2190-BCXEC,0.5116958049898467,0,Medium
2002-MZHWP,0.5116923883113111,0,Medium
9753-OYLBX,0.5116923883113111,0,Medium
8919-FYFQZ,0.5116254869042308,0,Medium
8242-JSVBO,0.5115829667639186,0,Medium
1135-LMECX,0.5114199236337945,0,Medium
7096-UCLNH,0.5114016179529186,0,Medium
3030-ZKIWL,0.5114016179529186,0,Medium
8749-CLJXC,0.5114016179529186,0,Medium
4877-EVATK,0.5113048789315772,0,Medium
7698-YFGEZ,0.5113048789315772,0,Medium
6286-SUUWT,0.5109810511864774,0,Medium
4892-VLANZ,0.5108237747493638,0,Medium
4937-QPZPO,0.510721141720531,0,Medium
6124-ACRHJ,0.5106834626956793,0,Medium
3424-NMNBO,0.510584502674636,0,Medium
9544-PYPSJ,0.5104134683751097,0,Medium
5274-XHAKY,0.5103229180248485,0,Medium
8329-IBCTI,0.5101189192124905,0,Medium
7721-DVEKZ,0.5101189192124905,0,Medium
0970-QXPXW,0.5101189192124905,0,Medium
4628-CTTLA,0.5100434946449954,0,Medium
6615-ZGEDR,0.5099241526709201,0,Medium
4211-MMAZN,0.5096813628613113,0,Medium
8203-XJZRC,0.5096813628613113,0,Medium
7239-HZZCX,0.5096711845500611,0,Medium
3930-ZGWVE,0.5096711845500611,0,Medium
0237-YFUTL,0.5096602772054318,0,Medium
2542-HYGIQ,0.509629107370294,0,Medium
5154-VEKBL,0.509527415831886,0,Medium
6141-OOXUQ,0.5091066064573586,0,Medium
3785-NRHYR,0.5091066064573586,0,Medium
5515-RUGKN,0.5091053212677532,0,Medium
7272-QDCKA,0.5090988089145722,0,Medium
2592-YKDIF,0.5090500779363346,0,Medium
3522-CDKHF,0.5090246260956064,0,Medium
4250-WAROZ,0.5089023419740003,0,Medium
1963-VAUKV,0.5087966227253106,0,Medium
3727-JEZTU,0.5087966227253106,0,Medium
4693-VWVBO,0.5086379983365339,0,Medium
1732-VHUBQ,0.5084052474729365,0,Medium
5553-AOINX,0.5084001703272969,0,Medium
2272-UOINI,0.5083875622219995,0,Medium
4745-LSPLO,0.5082406271690285,0,Medium
8562-GHPPI,0.5079066925236307,0,Medium
5076-YVXCM,0.5078047987466143,0,Medium
3976-NLDEZ,0.5078012097304686,0,Medium
5049-GLYVG,0.5078012097304686,0,Medium
5336-UFNZP,0.5076506055609021,0,Medium
2866-IKBTM,0.5076047320462674,0,Medium
8605-ITULD,0.5076047320462674,0,Medium
6986-IJDHX,0.507422857994227,0,Medium
7551-JOHTI,0.5073360314908864,0,Medium
1905-OEILC,0.5073360314908864,0,Medium
2027-OAQQC,0.5071762865857266,0,Medium
0463-ZSDNT,0.5071395925777189,0,Medium
3090-QFUVD,0.5068647213525969,0,Medium
7133-VBDCG,0.5068471806395636,0,Medium
3688-FTHLT,0.5067523083658914,0,Medium
1029-QFBEN,0.5066305409354428,0,Medium
7601-WFVZV,0.5066305409354428,0,Medium
9052-VKDUW,0.5066251023412875,0,Medium
5568-DMXZS,0.5066034565855352,0,Medium
6486-LHTMA,0.5065783361627678,0,Medium
8722-NGNBH,0.5064477389133648,0,Medium
9122-UMROB,0.5064338248794625,0,Medium
2676-ISHSF,0.5064338248794625,0,Medium
4958-GZWIY,0.5064037497305045,0,Medium
3426-NIYYL,0.50636716557377,0,Medium
4307-KWMXE,0.5061985259912254,0,Medium
5766-ZJYBB,0.5061872306385655,0,Medium
0811-GSDTP,0.5060561060795736,0,Medium
8393-JMVMB,0.5059185389322522,0,Medium
3590-TCXTB,0.505665457087084,0,Medium
6579-JPICP,0.505412019322155,0,Medium
0673-IGUQO,0.5054003671485195,0,Medium
2668-TZSPS,0.5054003671485195,0,Medium
9708-KFDBY,0.5051734252948491,0,Medium
4013-GUXND,0.5049845842811904,0,Medium
8775-CEBBJ,0.5049710930367162,0,Medium
4439-YRNVD,0.5048829144124853,0,Medium
6815-ABQFQ,0.503954956649839,0,Medium
0929-PECLO,0.5038757758189205,0,Medium
2576-HXMPA,0.5036782500819517,0,Medium
4226-KKDON,0.5036147259227115,0,Medium
3744-ZBHON,0.503594984528408,0,Medium
2220-IAHLS,0.5031346469371951,0,Medium
4012-ZTHBR,0.5030201015241693,0,Medium
4640-UHDOS,0.5029695584619819,0,Medium
0836-SEYLU,0.5029530546913217,0,Medium
7537-CBQUZ,0.502936028142386,0,Medium
3803-KMQFW,0.5025658397844768,0,Medium
2045-BMBTJ,0.5024096398139386,0,Medium
4282-ACRXS,0.502256465943493,0,Medium
2700-LUEVA,0.5020334579817736,0,Medium
8205-MQUGY,0.5019588581018489,0,Medium
9578-VRMNM,0.5019334631923417,0,Medium
1784-EZDKJ,0.5016055213628946,0,Medium
9643-YBLUR,0.5015819988443584,0,Medium
5016-ETTFF,0.5014532850800603,0,Medium
0899-WZRSD,0.5014311256141171,0,Medium
9962-BFPDU,0.5013128567143741,0,Medium
1899-VXWXM,0.5010902980931827,0,Medium
8755-IWJHN,0.5010233275319959,0,Medium
2382-BCKQJ,0.5009905909276551,0,Medium
6578-KRMAW,0.5009554631234826,0,Medium
2669-QVCRG,0.5009286246752,0,Medium
7926-IJOOU,0.5005761604770989,0,Medium
7929-DMBCV,0.5004260324072672,0,Medium
1074-AMIOH,0.5004036096748581,0,Medium
5046-NUHWD,0.500349882414483,0,Medium
2433-KMEAS,0.4999162580318741,0,Medium
6859-RKMZJ,0.49987698630150357,0,Medium
2988-GBIVW,0.4998422245834996,0,Medium
5515-IDEJJ,0.4998031223276823,0,Medium
3521-SYVOR,0.49943358885022776,0,Medium
2640-LYMOV,0.4993874237221473,0,Medium
0406-BPDVR,0.49912800438806476,0,Medium
5701-SVCWR,0.4987222636191787,0,Medium
5600-PDUJF,0.4982353483909414,0,Medium
0471-ARVMX,0.49819053173854966,0,Medium
0691-NIKRI,0.4978310263541573,0,Medium
2858-EIMXH,0.4976154864902213,0,Medium
5816-SCGFC,0.4975841771073465,0,Medium
4760-XOHVN,0.49730044016950437,0,Medium
6818-WOBHJ,0.49718290605092486,0,Medium
1394-SUIUH,0.49711528034797337,0,Medium
5136-KCKGI,0.4970495498231019,0,Medium
0247-SLUJI,0.49648138265662056,0,Medium
9909-IDLEK,0.49635509879635564,0,Medium
3689-MOZGR,0.49633388388626815,0,Medium
9688-YGXVR,0.4962913824574841,0,Medium
4462-CYWMH,0.4961061445586348,0,Medium
6686-YPGHK,0.49495424387973375,0,Medium
1208-NBVFH,0.49475899130985307,0,Medium
9415-TPKRV,0.49459847654285066,0,Medium
4673-KKSLS,0.4945746574630493,0,Medium
5149-TGWDZ,0.4945270907297844,0,Medium
3058-WQDRE,0.494505310114756,0,Medium
0274-JKUJR,0.4942935465639777,0,Medium
7551-DACSP,0.49421863979486413,0,Medium
1169-WCVAK,0.49411049947204766,0,Medium
4450-YOOHP,0.4933595440641888,0,Medium
7722-CVFXN,0.49329296233061953,0,Medium
0999-QXNSA,0.4930725737883137,0,Medium
2810-FTLEM,0.493051048701248,0,Medium
0080-OROZO,0.49288654277441896,0,Medium
8267-ZNYVZ,0.49277560937279596,0,Medium
5201-USSQZ,0.4925984161997765,0,Medium
0419-YAAPX,0.49244470471060586,0,Medium
2408-TZMJL,0.4923639376418087,0,Medium
8069-YQQAJ,0.4922988347764169,0,Medium
2770-NSVDG,0.49223638726207186,0,Medium
4250-FDVOU,0.49197043917757777,0,Medium
5174-ITUMV,0.4919303067542447,0,Medium
1087-UDSIH,0.4918593523200786,0,Medium
3154-CFSZG,0.49156916110597004,0,Medium
6689-VRRTK,0.49089420485374724,0,Medium
6300-BWMJX,0.4908504963296312,0,Medium
5575-TPIZQ,0.4906813882249057,0,Medium
1449-XQEMT,0.49067837431733463,0,Medium
3162-ZJZFU,0.49056542423312577,0,Medium
0618-XWMSS,0.49034688155529593,0,Medium
1956-YIFGE,0.4900394881528459,0,Medium
0668-OGMHD,0.4896853448147209,0,Medium
5018-GWURO,0.489598052300263,0,Medium
0420-BWTPW,0.489551781141687,0,Medium
7426-WEIJX,0.4893557007575695,0,Medium
5370-IIVVL,0.48927421407970995,0,Medium
7128-GGCNO,0.4887877340699756,0,Medium
4291-HPAXL,0.4887252960556122,0,Medium
7621-VPNET,0.48845207164936566,0,Medium
6572-ADKRS,0.48843376677432526,0,Medium
2778-OCLGR,0.4883735261312834,0,Medium
9780-FKVVF,0.48833577497305236,0,Medium
6849-WLEYG,0.4880910221211805,0,Medium
7343-EOBEU,0.48794868481950426,0,Medium
8887-IPQNC,0.4878795077288935,0,Medium
2812-SFXMJ,0.48775661919511104,0,Medium
0520-FDVVT,0.487593670603746,0,Medium
3580-REOAC,0.487557019183002,0,Medium
4080-OGPJL,0.4875064501419737,0,Medium
2673-CXQEU,0.4873129961342883,0,Medium
6559-RAKOZ,0.4869099956078785,0,Medium
0013-MHZWF,0.48688076489141885,0,Medium
2239-JALAW,0.48687812398434255,0,Medium
4324-AHJKS,0.4866745991221426,0,Medium
3584-WKTTW,0.48645751421141,0,Medium
7526-IVLYU,0.48632126752123617,0,Medium
2115-BFTIW,0.48604090650609943,0,Medium
2985-JUUBZ,0.48594495378851593,0,Medium
5002-GCQFH,0.48588621977271207,0,Medium
4109-CYRBD,0.4858360743736878,0,Medium
0927-CNGRH,0.4857338562274735,0,Medium
2911-UREFD,0.485684385583212,0,Medium
9501-UKKNL,0.4854385056695695,0,Medium
7880-XSOJX,0.485365717114582,0,Medium
9700-ISPUP,0.4850173614813421,0,Medium
6143-JQKEA,0.4843077654579854,0,Medium
0326-VDYXE,0.48414307888849556,0,Medium
1089-HDMKP,0.4839145835398849,0,Medium
2267-FPIMA,0.48360611927694575,0,Medium
1041-RXHRA,0.48339400218394935,0,Medium
0431-APWVY,0.48322951092691746,0,Medium
1600-DILPE,0.48310036433842785,0,Medium
7124-UGSUR,0.4829639905012256,0,Medium
0260-ZDLGK,0.4829164950509447,0,Medium
8807-ARQET,0.4826512888365063,0,Medium
0327-WFZSY,0.48254505972811035,0,Medium
9360-AHGNL,0.48217208148106033,0,Medium
8217-QYOHV,0.48206808201916496,0,Medium
5311-IHLEI,0.48173090872436686,0,Medium
7554-AKDQF,0.48156093254022614,0,Medium
3717-LNXKW,0.48145723151541886,0,Medium
2623-DRYAM,0.4814195423857889,0,Medium
2957-LOLHO,0.48120629520864944,0,Medium
1803-BGNBD,0.48106085454552133,0,Medium
6946-LMSQS,0.4809968008750901,0,Medium
3763-GCZHZ,0.48080953399548865,0,Medium
3645-DEYGF,0.4807059483766558,0,Medium
7821-DPRQE,0.4806477241586454,0,Medium
4950-BDEUX,0.48059295551398606,0,Medium
6397-JNZZG,0.48054802198963664,0,Medium
3589-PPVKW,0.48043328182111555,0,Medium
7271-AJDTL,0.48035045551233124,0,Medium
3007-FDPEA,0.4802818107363259,0,Medium
2293-IJWPS,0.4802350547667863,0,Medium
0843-WTBXE,0.480008040811192,0,Medium
6217-TOWGS,0.4796081898262454,0,Medium
4791-QRGMF,0.4796045052686775,0,Medium
2480-EJWYP,0.4795938592212963,0,Medium
2219-MVUSO,0.47946806979482326,0,Medium
1049-FYSYG,0.4794549101181403,0,Medium
9500-LTVBP,0.4794441001966304,0,Medium
6917-YACBP,0.4792216603811068,0,Medium
5482-NUPNA,0.47915298148420926,0,Medium
2267-WTPYD,0.479134584766272,0,Medium
2731-GJRDG,0.4790376771961703,0,Medium
6288-LBEAR,0.4789943737596538,0,Medium
7742-MYPGI,0.4788710823553797,0,Medium
6207-WIOLX,0.47886118884518536,0,Medium
0356-ERHVT,0.47881556733136216,0,Medium
1217-VASWC,0.4786658802756336,0,Medium
6874-SGLHU,0.47846186306505006,0,Medium
8979-CAMGB,0.478403383090526,0,Medium
5510-BOIUJ,0.47837027049321573,0,Medium
9154-QDGTH,0.47828846767050204,0,Medium
7351-MHQVU,0.47771802531502106,0,Medium
6067-NGCEU,0.4775913238117426,0,Medium
9821-BESNZ,0.47710179771743466,0,Medium
6549-NNDYT,0.4770507923209844,0,Medium
4832-VRBMR,0.47703066939536576,0,Medium
4913-EHYUI,0.4767965204796727,0,Medium
1465-LNTLJ,0.47656202931886804,0,Medium
2189-UXTKY,0.4764374114154507,0,Medium
6199-IWKGC,0.47627078835452585,0,Medium
3541-ZNUHK,0.4762662131320182,0,Medium
0575-CUQOV,0.47611869573129073,0,Medium
5780-INQIK,0.4760011606193658,0,Medium
3164-AALRN,0.47593165787355407,0,Medium
0877-SDMBN,0.4754756046335285,0,Medium
0880-FVFWF,0.47536318585949067,0,Medium
0856-NAOES,0.47527899809302837,0,Medium
5131-PONJI,0.47520279517942565,0,Medium
3870-MQAMG,0.4751683601580002,0,Medium
1169-SAOCL,0.47445764203185203,0,Medium
2011-TRQYE,0.47415647937165323,0,Medium
8976-OQHGT,0.4728066266710703,0,Medium
8679-JOEVF,0.47267112346888196,0,Medium
7683-CBDKJ,0.4720969129689411,0,Medium
7550-WIQVA,0.4720204219668712,0,Medium
5133-VRSAB,0.47187843853240613,0,Medium
4647-XXZAM,0.47177397861954196,0,Medium
5325-UWTWJ,0.4717340154241083,0,Medium
2817-NTQDO,0.4715311248794146,0,Medium
1357-MVDOZ,0.47131288075050803,0,Medium
7694-VLBWQ,0.47126092067982195,0,Medium
0512-FLFDW,0.47094641144401816,0,Medium
9089-UOWJG,0.47084558812138927,0,Medium
8229-MYEJZ,0.4706888824169313,0,Medium
2826-UWHIS,0.47021964715094045,0,Medium
5469-CTCWN,0.4702150125795138,0,Medium
2139-FQHLM,0.47017281007635325,0,Medium
8773-HHUOZ,0.4700542249814005,0,Medium
6777-TGHTM,0.46999396965159157,0,Medium
3946-JEWRQ,0.4695688861098434,0,Medium
7449-HVPIV,0.4693491960762016,0,Medium
8444-WRIDW,0.4685277930548835,0,Medium
1448-CYWKC,0.46851401081602817,0,Medium
6821-JPCDC,0.4684283079601184,0,Medium
4767-HZZHQ,0.46823150415906956,0,Medium
8250-ZNGGW,0.4681441250455172,0,Medium
4188-FRABG,0.46799332069487676,0,Medium
8705-DWKTI,0.4679773507723104,0,Medium
3173-NVMPX,0.46758814988101227,0,Medium
0215-BQKGS,0.46739164725173576,0,Medium
1596-OQSPS,0.46727570988258815,0,Medium
8124-NZVGJ,0.4669073582768072,0,Medium
2000-MPKCA,0.46672854174746936,0,Medium
6184-DYUOB,0.4666044952646057,0,Medium
9572-MTILT,0.4665997283950371,0,Medium
5188-HGMLP,0.46608255628062517,0,Medium
7669-LCRSD,0.4659900176041003,0,Medium
2995-UPRYS,0.4658904115933373,0,Medium
0617-FHSGK,0.4655172848648276,0,Medium
9614-RMGHA,0.465358283534707,0,Medium
1356-MKYSK,0.4651621455423433,0,Medium
3413-DHLPB,0.4651116926093371,0,Medium
0870-VEMYL,0.46505583888090024,0,Medium
9039-ZVJDC,0.46499448391244963,0,Medium
3345-PBBFH,0.46482736792920626,0,Medium
1205-WNWPJ,0.4647244141736224,0,Medium
0003-MKNFE,0.46459352344295335,0,Medium
5828-DWPIL,0.4645364563283813,0,Medium
2475-MROZF,0.46442543177221507,0,Medium
3055-OYMSE,0.4644133774957918,0,Medium
9873-MNDKV,0.4642206707675197,0,Medium
4393-RYCRE,0.46411917392005564,0,Medium
5067-XJQFU,0.4640489110495226,0,Medium
5424-RLQLC,0.4633755043176885,0,Medium
8399-YNDCH,0.4631357455197287,0,Medium
5802-ADBRC,0.46306697953706805,0,Medium
5778-BVOFB,0.46287435505267893,0,Medium
1656-DRSMG,0.4626178459199912,0,Medium
4918-FYJNT,0.46227657552979295,0,Medium
6128-DAFVY,0.4621846669777235,0,Medium
6569-KTMDU,0.4620618706737092,0,Medium
6050-IJRHS,0.4620580408452908,0,Medium
9373-WSLOY,0.46187174430911493,0,Medium
0871-OPBXW,0.46176778690285536,0,Medium
8901-HJXTF,0.46175439182334055,0,Medium
5897-ZYEKH,0.4616143695306941,0,Medium
2924-KHUVI,0.4615882132810194,0,Medium
1193-RTSLK,0.4615253788810393,0,Medium
9943-VSZUV,0.4613695015980376,0,Medium
5243-SAOTC,0.46134752652969113,0,Medium
1984-FCOWB,0.46115705971088705,0,Medium
7302-ZHMHP,0.4609826474940886,0,Medium
5180-UCIIQ,0.46084745314789477,0,Medium
2252-JHJGE,0.4606918117127991,0,Medium
4986-MXSFP,0.4605399188228499,0,Medium
9441-QHEVC,0.46010174084830247,0,Medium
3572-UOLYZ,0.45997267392075813,0,Medium
5445-GLVOT,0.4599675577215603,0,Medium
9975-SKRNR,0.4593391382460139,0,Medium
1015-OWJKI,0.4593041716941535,0,Medium
1663-MHLHE,0.4590108797935487,0,Medium
9825-YCXWZ,0.4586704460061025,0,Medium
7398-LXGYX,0.4585537964708942,0,Medium
3982-DQLUS,0.45853126511500353,0,Medium
7611-YKYTC,0.4585089606893167,0,Medium
7921-LMDFQ,0.4583649647506449,0,Medium
9254-RBFON,0.4583356140795708,0,Medium
3756-VNWDH,0.4583261007670729,0,Medium
3842-IYKUE,0.45817534153609907,0,Medium
1935-IMVBB,0.45806532030298974,0,Medium
0799-DDIHE,0.45803921609732257,0,Medium
2676-OXPPQ,0.4578990968290898,0,Medium
5542-DHSXL,0.45766987849303253,0,Medium
7876-BEUTG,0.45759991851052695,0,Medium
1113-IUJYX,0.45717466287984543,0,Medium
1353-LJWEM,0.4570140050221484,0,Medium
3594-IVHJZ,0.45678324367168244,0,Medium
7459-RRWQZ,0.4566811515351835,0,Medium
0909-SDHNU,0.4565505898581019,0,Medium
1174-FGIFN,0.45645460463738896,0,Medium
6270-OMFIW,0.45622805783570475,0,Medium
1360-JYXKQ,0.45603487776043033,0,Medium
0463-WZZKO,0.45595635373796306,0,Medium
5924-IFQTT,0.455945499941533,0,Medium
3982-XWFZQ,0.45588318430802593,0,Medium
7776-QGYJC,0.4555746354080807,0,Medium
6773-LQTVT,0.45553102626417874,0,Medium
4826-TZEVA,0.45549625427565915,0,Medium
6713-OKOMC,0.4554297558901991,0,Medium
4567-AKPIA,0.4554267536403369,0,Medium
4800-CZMPC,0.4553565854951581,0,Medium
3873-NFTGI,0.4552550815694457,0,Medium
0774-IFUVM,0.4551113498363362,0,Medium
5402-HTOTQ,0.45508710861574553,0,Medium
6942-LBFDP,0.45505125402469204,0,Medium
5201-FRKKS,0.4549648947104142,0,Medium
8623-ULFNQ,0.45465455278671824,0,Medium
1091-SOZGA,0.454501618729914,0,Medium
2080-SRCDE,0.4544765404585309,0,Medium
8257-RZAHR,0.45445117920741585,0,Medium
1502-XFCVR,0.4539805294191249,0,Medium
7636-XUHWW,0.4535744076089791,0,Medium
8189-HBVRW,0.4535256989946974,0,Medium
4320-QMLLA,0.4535004871224355,0,Medium
3190-XFANI,0.4533013562921431,0,Medium
4905-JEFDW,0.45323877498901344,0,Medium
2533-TIBIX,0.45300376359760564,0,Medium
4710-NKCAW,0.4529075854962913,0,Medium
9591-YVTEB,0.4528391649582433,0,Medium
7530-HDYDS,0.4527574949987331,0,Medium
9142-KZXOP,0.4525519876248126,0,Medium
4070-OKWVH,0.4525217635920379,0,Medium
4695-VADHF,0.4521386192478867,0,Medium
8495-LJDFO,0.4519749656109323,0,Medium
3858-XHYJO,0.4514655129817928,0,Medium
7103-IPXPJ,0.4507850127747696,0,Medium
8985-OOPOS,0.45075025208549785,0,Medium
8791-GFXLZ,0.45074334522403975,0,Medium
6647-ZEDXT,0.450609064904256,0,Medium
2172-EJXVF,0.4505433200768286,0,Medium
0106-GHRQR,0.45003731704406025,0,Medium
3604-WLABM,0.44954264142732425,0,Medium
2393-DIVAI,0.44951300276851947,0,Medium
8329-GWVPJ,0.44934152132712823,0,Medium
6728-VOIFY,0.4491330069788002,0,Medium
2272-JKMSI,0.4490647026742497,0,Medium
8713-IGZSO,0.44895384914424163,0,Medium
9705-IOVQQ,0.4486512634648929,0,Medium
3373-YZZYM,0.4486424279432345,0,Medium
7544-ZVIKX,0.44863246397775003,0,Medium
7074-STDCN,0.44861609918622536,0,Medium
1215-FIGMP,0.4485798206790843,0,Medium
1061-PNTHC,0.4484143611118396,0,Medium
3511-APPBJ,0.4481726647081621,0,Medium
1591-NFNLQ,0.4481317244074903,0,Medium
3164-YAXFY,0.44812384066693456,0,Medium
8961-QDZZJ,0.4480541987343737,0,Medium
6952-OMNWB,0.44803836117912427,0,Medium
2305-MRGLV,0.44785596298419905,0,Medium
4390-KYULV,0.4478405958830415,0,Medium
6967-QIQRV,0.44768575222865803,0,Medium
7966-YOTQW,0.4474235967502444,0,Medium
9101-BWFSS,0.4472408822503356,0,Medium
5527-ACHSO,0.44670976103687765,0,Medium
7950-XWOVN,0.4466625285819772,0,Medium
2659-VXMWZ,0.4466487813098784,0,Medium
0822-QGCXA,0.44636249377790577,0,Medium
4081-DYXAV,0.44558200143437043,0,Medium
7905-NJMXS,0.4454154123786121,0,Medium
0639-TSIQW,0.44526922048367495,0,Medium
9518-RWHZL,0.4451950514219477,0,Medium
8992-VONJD,0.4450303748240152,0,Medium
8294-UIMBA,0.44469906634802014,0,Medium
7134-MJPDY,0.44450960633918857,0,Medium
0898-XCGTF,0.4443022999377814,0,Medium
9277-JOOMO,0.44427653945774503,0,Medium
9350-VLHMB,0.44422229615493136,0,Medium
8952-WCVCD,0.44421862489505415,0,Medium
2279-AXJJK,0.4441992580413603,0,Medium
6284-KMNUF,0.44412133897299566,0,Medium
1698-XFZCI,0.44360229166126347,0,Medium
2257-BOVXD,0.4435904919472409,0,Medium
0222-CNVPT,0.44313994738992324,0,Medium
0913-XWSCN,0.44308726847589486,0,Medium
9375-MHRRS,0.4430414400530236,0,Medium
1135-HIORI,0.4430107618882311,0,Medium
8417-GSODA,0.4430056225403926,0,Medium
8868-GAGIO,0.4422564441463467,0,Medium
9489-UTFKA,0.44214985515145533,0,Medium
7041-TXQJH,0.4421201829838674,0,Medium
9057-MSWCO,0.4417157113816322,0,Medium
3707-LRWZD,0.441642948221615,0,Medium
7017-VFULY,0.4416349045548613,0,Medium
5136-GFPMB,0.44156829604816067,0,Medium
7409-JURKQ,0.44149684843835557,0,Medium
6854-EXGSF,0.4414165768129603,0,Medium
5846-QFDFI,0.4411961366884444,0,Medium
0523-VNGTF,0.4408495514034495,0,Medium
1370-GGAWX,0.44075935516344855,0,Medium
9426-SXNHE,0.44040485265488977,0,Medium
5651-WYIPH,0.4404005120000505,0,Medium
4396-KLSEH,0.44023527699428305,0,Medium
0603-OLQDC,0.44002267901280584,0,Medium
4080-IIARD,0.4399664720591673,0,Medium
5337-IIWKZ,0.43988948510821113,0,Medium
7766-CLTIC,0.4397938755414498,0,Medium
2303-PJYHN,0.4397907895936627,0,Medium
7203-OYKCT,0.4394103158116217,0,Medium
3466-WAESX,0.4392885245654461,0,Medium
3537-HPKQT,0.4392826623285727,0,Medium
9391-YZEJW,0.4383719156521422,0,Medium
2359-QWQUL,0.4380809351337302,0,Medium
5074-FBGHB,0.43785121414893163,0,Medium
2839-RFSQE,0.4376953993072874,0,Medium
0365-TRTPY,0.4376710512153306,0,Medium
3345-JHUEO,0.4376637587740245,0,Medium
4280-DLSHD,0.4374847749437797,0,Medium
4646-QZXTF,0.43745008084759807,0,Medium
1110-KYLGQ,0.43739407263899804,0,Medium
9774-NRNAU,0.43724809969970185,0,Medium
1559-DTODC,0.43717414186447956,0,Medium
0691-JVSYA,0.4370800216247698,0,Medium
4187-CINZD,0.4368984939480822,0,Medium
4431-EDMIQ,0.4368406664600645,0,Medium
9844-FELAJ,0.4362940875221039,0,Medium
4789-KWMXN,0.43608417065416305,0,Medium
8980-WQFWL,0.43594865813786265,0,Medium
2195-VVRJF,0.43562945032265654,0,Medium
6425-YQLLO,0.4355559075026245,0,Medium
3733-ZEECP,0.43550563676842496,0,Medium
1324-NLTJE,0.43542682277877803,0,Medium
3170-GWYKC,0.43528193946894744,0,Medium
4452-QIIEB,0.43511047164209604,0,Medium
6849-OYAMU,0.43509258314280885,0,Medium
4250-ZBWLV,0.4349742816660134,0,Medium
1024-KPRBB,0.43425123332254123,0,Medium
4672-FOTSD,0.4342270915721564,0,Medium
3144-KMTWZ,0.4337754705873421,0,Medium
4118-CEVPF,0.4336386091162431,0,Medium
3701-SFMUH,0.4332008349918295,0,Medium
4753-PADAS,0.43300403587658365,0,Medium
2522-AHJXR,0.43286253656437607,0,Medium
8111-BKVDS,0.4328006350010659,0,Medium
9327-QSDED,0.4320117384797203,0,Medium
2750-BJLSB,0.4318729967132875,0,Medium
0187-WZNAB,0.4314391320060692,0,Medium
9481-SFCQY,0.4314192169146986,0,Medium
1020-JPQOW,0.43122255190689873,0,Medium
6029-CSMJE,0.4309304675694302,0,Medium
4608-LCIMN,0.4308411903341894,0,Medium
6769-DCQLI,0.4308030050188413,0,Medium
6137-MFAJN,0.4306071083024424,0,Medium
8799-OXZMD,0.4305990667285136,0,Medium
1848-LBZHY,0.43047393339631135,0,Medium
1976-AZZPJ,0.4302474246593856,0,Medium
6633-SYEUS,0.4301203214771796,0,Medium
4138-NAXED,0.43011087425564165,0,Medium
8967-SZQAS,0.43010608125540495,0,Medium
6897-UUBNU,0.4300197226999338,0,Medium
2604-XVDAM,0.4298487192231424,0,Medium
8715-KKTFG,0.42981797239695496,0,Medium
8547-NSBBO,0.42978060795728873,0,Medium
1297-VQDRP,0.429754764543515,0,Medium
3199-NPKCN,0.42965174421790553,0,Medium
5066-GFJMM,0.4296303980933859,0,Medium
4350-ZTLPI,0.4292571746577726,0,Medium
7595-EHCDL,0.4292348031213511,0,Medium
3030-YZADT,0.42922085004358446,0,Medium
8679-LZBMD,0.4288593984319573,0,Medium
2722-VOJQL,0.4286365597200067,0,Medium
8849-GYOKR,0.42860653721409087,0,Medium
6097-EQISJ,0.42846036472278026,0,Medium
5732-IKGQH,0.428285597259921,0,Medium
9163-GHAYE,0.42822896232882135,0,Medium
0887-WBJVH,0.4281727852327878,0,Medium
2927-QRRQV,0.42810327732021025,0,Medium
8006-PYCSW,0.4281015302647415,0,Medium
8455-HIRAQ,0.42795811400092965,0,Medium
2937-FTHUR,0.4278310164853339,0,Medium
8433-WPJTV,0.42772421694651575,0,Medium
3936-QQFLL,0.4276998763966881,0,Medium
9058-HRZSV,0.4274110219062677,0,Medium
0228-MAUWC,0.42729914697924,0,Medium
9651-GTSAQ,0.4271896444897083,0,Medium
6668-CNMFP,0.4271174011108083,0,Medium
0191-ZHSKZ,0.42667741928712405,0,Medium
0103-CSITQ,0.42667351449032764,0,Medium
3016-KSVCP,0.42663591445035565,0,Medium
0595-ITUDF,0.42643846946543484,0,Medium
6253-WRFHY,0.4263479401127145,0,Medium
8634-CILSZ,0.4263391903534172,0,Medium
2153-MREFK,0.4262742748385348,0,Medium
3097-PYWXL,0.4262349923155671,0,Medium
5440-VHLUL,0.4261560308256959,0,Medium
8023-QHAIO,0.4260962699645281,0,Medium
9481-IEBZY,0.4260702711023772,0,Medium
6563-VNPMN,0.4258474383898839,0,Medium
7078-NVFAM,0.4257365228945248,0,Medium
2342-CKIAO,0.4256559216542804,0,Medium
6473-ULUHT,0.4253610413581046,0,Medium
7446-YPODE,0.4253020578093756,0,Medium
6614-VBEGU,0.4244793116383193,0,Medium
4628-WQCQQ,0.42413446986578685,0,Medium
0423-UDIJQ,0.4241286301735746,0,Medium
1685-VAYJF,0.42409040986292385,0,Medium
7241-AJHFS,0.42385860940621056,0,Medium
3566-VVORZ,0.4238315187842253,0,Medium
7016-BPGEU,0.4238232439452931,0,Medium
2207-OBZNX,0.4236508547722425,0,Medium
2320-SLKMB,0.4231132167280611,0,Medium
1986-PHGZF,0.42267852778639636,0,Medium
8739-QOTTN,0.4225796822348485,0,Medium
9818-XQCUV,0.42253401041936745,0,Medium
0816-TSPHQ,0.4224239668888678,0,Medium
2308-STERM,0.42241207395150715,0,Medium
9323-HGFWY,0.4223637914040833,0,Medium
6507-DTJZV,0.42225606341492994,0,Medium
3927-NLNRY,0.42210998994426946,0,Medium
5443-SCMKX,0.4218042920371651,0,Medium
4925-LMHOK,0.4217258016985965,0,Medium
8920-NAVAY,0.4214036846477303,0,Medium
2346-DJQTB,0.4213084142906757,0,Medium
0137-UDEUO,0.421239807106247,0,Medium
0396-HUJBP,0.42069986769672374,0,Medium
5919-VCZYM,0.42054925888203976,0,Medium
1485-YDHMM,0.42050094163379315,0,Medium
8150-QUDFX,0.4202474153750144,0,Medium
2959-EEXWB,0.4201148502664253,0,Medium
0156-FVPTA,0.41999246337518215,0,Medium
4177-JPDFU,0.41990695953168433,0,Medium
4324-BZCKL,0.41985574045900237,0,Medium
5811-IWXYM,0.4197314798712676,0,Medium
0366-NQSHS,0.4196718317799533,0,Medium
6776-TLWOI,0.4192494318318314,0,Medium
5939-XAIXZ,0.41920723457173303,0,Medium
6797-UCJHZ,0.4191978446746152,0,Medium
0058-EVZWM,0.41902103056143736,0,Medium
4524-QCSSM,0.41861384265612633,0,Medium
1470-PSXNM,0.41846268676345644,0,Medium
8095-WANWK,0.41838135848423785,0,Medium
0409-WTMPL,0.4183641788158373,0,Medium
9101-NTIXF,0.41831112521100644,0,Medium
0786-IVLAW,0.4182044720463733,0,Medium
0719-SYFRB,0.41817944810855834,0,Medium
9419-IPPBE,0.41809546890782967,0,Medium
3407-QGWLG,0.41800908394053216,0,Medium
0956-ACVZC,0.4178324625555981,0,Medium
0567-GGCAC,0.4177641153373126,0,Medium
5624-RYAMH,0.4177339208671788,0,Medium
4132-POCZS,0.4176183632096676,0,Medium
9249-FXSCK,0.41745918458469694,0,Medium
5298-GSTLM,0.41721344882034556,0,Medium
8597-CWYHH,0.41709204622095947,0,Medium
6211-WHMYA,0.4162424083711468,0,Medium
8198-RKSZG,0.4161275535364035,0,Medium
1360-RCYRT,0.41595835298241246,0,Medium
9862-KJTYK,0.41561254816627213,0,Medium
0178-CIIKR,0.41546430788040545,0,Medium
9103-TCIHJ,0.41529212275128835,0,Medium
1794-SWWKL,0.4152074816968086,0,Medium
3528-HFRIQ,0.4151739506899341,0,Medium
6537-OTKMY,0.415159096243656,0,Medium
6627-CFOSN,0.41494301188695204,0,Medium
2621-UDNLU,0.4149367686367288,0,Medium
6734-CKRSM,0.4149317844934237,0,Medium
0961-ZWLVI,0.4148603486430997,0,Medium
0853-NWIFK,0.414796425711785,0,Medium
9770-LXDBK,0.4147377999474736,0,Medium
7632-MNYOY,0.41473468820233084,0,Medium
4685-ERGHK,0.4143770324471966,0,Medium
5285-MVEHD,0.4142090524714792,0,Medium
9139-WQQDY,0.41420736758218457,0,Medium
3780-DDGSE,0.41417194498603005,0,Medium
1335-HQMKX,0.4136857919528416,0,Medium
5481-NTDOH,0.4134842285514816,0,Medium
4323-OHFOW,0.4128653785373464,0,Medium
9402-CXWPL,0.412811722293964,0,Medium
2157-MXBJS,0.4124216788207924,0,Medium
2560-PPCHE,0.412236906942933,0,Medium
3886-CERTZ,0.4119535443323168,0,Medium
6483-OATDN,0.4119317737889847,0,Medium
1051-GEJLJ,0.41188864931815594,0,Medium
5651-CPDND,0.4118784421190136,0,Medium
0883-EIBTI,0.4118538162548685,0,Medium
4360-QRAVE,0.4115720044895036,0,Medium
2091-MJTFX,0.41155368856252084,0,Medium
7622-NXQZR,0.4111810491694855,0,Medium
4501-VCPFK,0.41115283188846297,0,Medium
6469-QJKZW,0.4110601621775911,0,Medium
6429-SHBCB,0.4109380265999856,0,Medium
5562-YJQGT,0.41068281940670204,0,Medium
8049-WJCLQ,0.4105371360299134,0,Medium
4816-OKWNX,0.4100882971095338,0,Medium
7130-CTCUS,0.4100473386758636,0,Medium
4195-SMMNX,0.41001977923512856,0,Medium
0959-WHOKV,0.4098950497769316,0,Medium
3807-BPOMJ,0.4098786604589403,0,Medium
0568-ONFPC,0.40943351827039487,0,Medium
8259-NFJTV,0.4091048891993515,0,Medium
8706-HRADD,0.4090342019511541,0,Medium
1755-RMCXH,0.40884089736539897,0,Medium
2898-MRKPI,0.4088172435302287,0,Medium
7989-AWGEH,0.40879247577401745,0,Medium
4310-KEDTB,0.40828942778313654,0,Medium
5447-WZAFP,0.4082069690377581,0,Medium
9833-TGFHX,0.4079203343320087,0,Medium
5423-BHIXO,0.4076679275514386,0,Medium
5140-FOMCQ,0.4076038083208131,0,Medium
0193-ESZXP,0.4073977638655844,0,Medium
0516-OOHAR,0.4070472665070356,0,Medium
9700-ZCLOT,0.4067653754463246,0,Medium
0330-BGYZE,0.40652997253377277,0,Medium
0991-BRRFB,0.4064467355088349,0,Medium
7319-VENRZ,0.4062859438299235,0,Medium
5708-EVONK,0.40589209969279383,0,Medium
7808-DVWEP,0.40563708581012237,0,Medium
0953-LGOVU,0.4055317680541918,0,Medium
5949-HGVJL,0.4054273702118296,0,Medium
8878-RYUKI,0.40532657535911454,0,Medium
3606-SBKRY,0.40530638765537763,0,Medium
1465-WCZVT,0.4051333890888672,0,Medium
7395-XWZOY,0.4050626941917987,0,Medium
8070-AAWZP,0.4048602777956889,0,Medium
2474-LCNUE,0.4045185960333053,0,Medium
7188-CBBBA,0.4044820230753075,0,Medium
5876-HZVZM,0.40420992330068173,0,Medium
2432-TFSMK,0.40388192271881274,0,Medium
9828-QHFBK,0.40341397025953724,0,Medium
2828-SLQPF,0.40339798680822814,0,Medium
0239-OXEXL,0.402711896331968,0,Medium
4525-VZCZG,0.4026092707838752,0,Medium
5309-TAIKL,0.40251252589387565,0,Medium
4710-FDUIZ,0.4023697473066745,0,Medium
8190-ZTQFB,0.4022025471196804,0,Medium
2452-SNHFZ,0.40219222428260826,0,Medium
8091-TTVAX,0.40152715835628733,0,Medium
6954-OOYZZ,0.40132833340069995,0,Medium
4472-VESGY,0.40123205856791483,0,Medium
0188-GWFLE,0.40110886267240686,0,Medium
8849-PRIQJ,0.4008425984181787,0,Medium
8201-AAXCB,0.40057055703996475,0,Medium
7909-FIOIY,0.4005148210038355,0,Medium
9837-FWLCH,0.39990911797209683,0,Medium
5827-MWCZK,0.39990251080371225,0,Medium
4160-AMJTL,0.3992699639644281,0,Medium
7721-JXEAW,0.39920665369323216,0,Medium
3301-LSLWQ,0.39916688556995633,0,Medium
2284-VFLKH,0.3989443278776182,0,Medium
7055-VKGDA,0.39882626240122,0,Medium
2709-UQGNP,0.398767763272335,0,Medium
0314-TKOSI,0.3985556442065856,0,Medium
0036-IHMOT,0.39817135596018,0,Medium
2898-LSJGD,0.3979369271219888,0,Medium
5067-DGXLL,0.39765993444095743,0,Medium
2782-JEEBU,0.3976141407398165,0,Medium
6345-HOVES,0.3975922419672409,0,Medium
5056-FIMPT,0.397535051193994,0,Medium
1796-JANOW,0.3975120996025303,0,Medium
4194-WHFCB,0.39690518073529846,0,Medium
4123-FCVCB,0.3963428577337448,0,Medium
7989-VCQOH,0.3961641179042863,0,Medium
2165-VOEGB,0.39596088962911596,0,Medium
6341-AEVKX,0.3959461598838545,0,Medium
0621-HJWXJ,0.3958447182431234,0,Medium
4987-GQWPO,0.3957064589738313,0,Medium
6994-FGRHH,0.3954445540449467,0,Medium
3156-QLHBO,0.39531081501602033,0,Medium
2716-GFZOR,0.3952493639576709,0,Medium
4851-BQDNX,0.39515380631614216,0,Medium
8008-ESFLK,0.3951535991734169,0,Medium
5438-QMDDL,0.39487590411105433,0,Medium
2410-CIYFZ,0.3947394136465914,0,Medium
6198-PNNSZ,0.39464777764986375,0,Medium
3313-QKNKB,0.394118636955509,0,Medium
4701-AHWMW,0.3939360824635625,0,Medium
5945-AZYHT,0.3935684191968849,0,Medium
7054-ENNGU,0.3934740434393885,0,Medium
6726-WEXXK,0.39335711839035936,0,Medium
1422-DGUBX,0.39309700594147823,0,Medium
8812-ZRHFP,0.3927861356757288,0,Medium
6898-MDLZW,0.3924256435226609,0,Medium
7148-XZPHA,0.39222891977361973,0,Medium
5740-YHGTW,0.39205085870643075,0,Medium
9986-BONCE,0.39199431920559435,0,Medium
6281-FKEWS,0.39198600887514656,0,Medium
6305-YLBMM,0.391950897184844,0,Medium
4237-CLSMM,0.39191942795214574,0,Medium
4476-OSWTN,0.3918065555794129,0,Medium
1703-MGIAB,0.39167312107927016,0,Medium
9396-ZSFLL,0.3913162632700243,0,Medium
2270-CHBFN,0.3912061000455516,0,Medium
9701-CDXHR,0.39073914567580514,0,Medium
9079-LWTFD,0.39032455049024484,0,Medium
1170-SASML,0.3902445714460554,0,Medium
8375-KVTHK,0.39013817745131857,0,Medium
7136-RVDTZ,0.3898653161720481,0,Medium
8182-PNAGI,0.3898162751102453,0,Medium
1545-ACTAS,0.389461379322635,0,Medium
7854-EDSSA,0.389322060373567,0,Medium
9974-JFBHQ,0.3888835631403428,0,Medium
8050-WYBND,0.38882119220779476,0,Medium
4184-VODJZ,0.3888003848031923,0,Medium
7764-BDPEE,0.3887958389097736,0,Medium
0701-TJSEF,0.388662785713337,0,Medium
3629-WEAAM,0.3885980545926875,0,Medium
3256-EZDBI,0.38859571924392744,0,Medium
5533-RJFTJ,0.3883897474343901,0,Medium
2586-CWXVV,0.38816287486742695,0,Medium
5334-JLAXU,0.388154038840124,0,Medium
8421-WZOOW,0.3881093602953357,0,Medium
7521-YXVZY,0.38796788519699077,0,Medium
0030-FNXPP,0.3879562619394629,0,Medium
0471-LVHGK,0.3879416270087187,0,Medium
8495-PRWFH,0.3878903445459114,0,Medium
1573-LGXBA,0.38787103935962375,0,Medium
7402-PWYJJ,0.38743832015558693,0,Medium
1410-RSCMR,0.38711827056455744,0,Medium
7776-QWNFX,0.38686709541676473,0,Medium
6394-HHHZM,0.3867528517499905,0,Medium
5174-RNGBH,0.38578440183632334,0,Medium
9659-ZTWSM,0.3856205170185066,0,Medium
7251-XFOIL,0.3855289832610239,0,Medium
1625-JAIIY,0.38511113997703583,0,Medium
4868-AADLV,0.38499302429199234,0,Medium
7661-CPURM,0.38467065871559253,0,Medium
6743-HHQPF,0.38466814982665953,0,Medium
7129-AZJDE,0.38435502305257296,0,Medium
3039-MJSLN,0.3841393203342385,0,Medium
5136-RGMZO,0.38377730285960465,0,Medium
3472-OAOOR,0.3836218207252743,0,Medium
6839-ITVZJ,0.38360471555162884,0,Medium
3639-XJHKQ,0.3833315086001765,0,Medium
5701-ZIKJE,0.3832987137580448,0,Medium
1017-FBQMM,0.38314799305003033,0,Medium
3179-GBRWV,0.3829044196673994,0,Medium
3806-YAZOV,0.38241478600661943,0,Medium
2748-MYRVK,0.3823665221165079,0,Medium
2458-EOMRE,0.38183703137251024,0,Medium
0048-LUMLS,0.3817987661298411,0,Medium
4580-TMHJU,0.38152763220374575,0,Medium
5730-RIITO,0.38125347979994473,0,Medium
4456-RHSNB,0.3807792661857836,0,Medium
4869-EPIUS,0.38035488392962263,0,Medium
5569-IDSEY,0.38023089671554605,0,Medium
8999-XXGNS,0.3798389438471998,0,Medium
6723-WSNTY,0.3796872530742913,0,Medium
9820-RMCQV,0.3796767418548112,0,Medium
7716-YTYHG,0.3786770375215323,0,Medium
5186-EJEGL,0.3786561188230527,0,Medium
6476-YHMGA,0.37860010022378465,0,Medium
7746-AWNQW,0.3784891937757354,0,Medium
6344-SFJVH,0.3784076781658864,0,Medium
0130-SXOUN,0.37808028645251374,0,Medium
6907-CQGPN,0.37806649009473003,0,Medium
5734-EJKXG,0.3778546016063935,0,Medium
5312-IRCFR,0.3778073923076398,0,Medium
5686-CMAWK,0.37778282470990643,0,Medium
6227-FBDXH,0.37777233389920956,0,Medium
0550-DCXLH,0.37770061140892314,0,Medium
1867-TJHTS,0.3773686936818747,0,Medium
2233-FAGXV,0.3770863610186035,0,Medium
2957-JIRMN,0.3770264964035689,0,Medium
6791-YBNAK,0.3766759605700612,0,Medium
4190-MFLUW,0.37635939781927075,0,Medium
7410-KTVFV,0.37622413834732865,0,Medium
3339-EAQNV,0.37609390223813866,0,Medium
5843-TTHGI,0.37590875290434467,0,Medium
6465-GSRCL,0.3758438425710962,0,Medium
6333-YDVLT,0.3757199906543743,0,Medium
8905-IAZPF,0.3753620619087371,0,Medium
7109-MFBYV,0.37516079148220816,0,Medium
3410-MHHUM,0.3750334888543604,0,Medium
1855-CFULU,0.37485237530932364,0,Medium
3640-JQGJG,0.37470303078373046,0,Medium
2740-JFBOK,0.37456359969505454,0,Medium
7607-QKKTJ,0.37432207344187746,0,Medium
0851-DFJKB,0.37373342578146795,0,Medium
1360-XFJMR,0.37372093160109954,0,Medium
0442-ZXKVS,0.373719689530648,0,Medium
6131-FOYAS,0.37334747527770534,0,Medium
6366-XIVKZ,0.37325554671905836,0,Medium
8945-MUQUF,0.3728609558528303,0,Medium
0447-BEMNG,0.37282138921637875,0,Medium
3890-RTCMS,0.37277457642365375,0,Medium
5198-EFNBM,0.37262983905910707,0,Medium
7785-RDVIG,0.3722418845998372,0,Medium
8904-OPDCK,0.37218995592236775,0,Medium
8735-DCXNF,0.3721736684634851,0,Medium
3255-GRXMG,0.37157540734240246,0,Medium
7799-DSEWS,0.3714808787819115,0,Medium
9099-FTUHS,0.3714564487356407,0,Medium
3069-SSVSN,0.37111670480780967,0,Medium
3272-VUHPV,0.37109972647137945,0,Medium
8644-XYTSV,0.3709149562673823,0,Medium
7869-ZYDST,0.37076583971238436,0,Medium
4819-HJPIW,0.3698924283033749,0,Medium
3893-JRNFS,0.36963754715138175,0,Medium
6680-NENYN,0.3694164082403777,0,Medium
1229-RCALF,0.3689518119877949,0,Medium
8735-IJJEG,0.36869012164610354,0,Medium
4003-FUSHP,0.36798000229186284,0,Medium
6497-TILVL,0.36792976711366815,0,Medium
6345-ULYRW,0.36777985824711096,0,Medium
4374-YMUSQ,0.3676210302776033,0,Medium
5202-IVJNU,0.36753265629325965,0,Medium
8148-BPLZQ,0.36752804184624377,0,Medium
3128-YOVTD,0.367451675873481,0,Medium
6620-JDYNW,0.36744360466489007,0,Medium
6008-NAIXK,0.36705561494601824,0,Medium
7750-EYXWZ,0.36698589470454174,0,Medium
3230-WYKIR,0.3666782553752911,0,Medium
5027-YOCXN,0.3666033125788939,0,Medium
4455-BFSPD,0.36624404148622225,0,Medium
2065-MMKGR,0.3661504082379282,0,Medium
1120-BMWUB,0.3658905227142429,0,Medium
4430-YHXGG,0.36587815192602036,0,Medium
4377-VDHYI,0.36583462797700717,0,Medium
9496-IVVRP,0.3652981074214188,0,Medium
1442-OKRJE,0.3651654851357219,0,Medium
4908-XAXAY,0.36512440215622644,0,Medium
6383-ZTSIW,0.36485779294684884,0,Medium
6439-LAJXL,0.3648066603481733,0,Medium
7797-EJMDP,0.3648043000018575,0,Medium
9036-CSKBW,0.3646961360278214,0,Medium
8166-ORCHU,0.3644025195826117,0,Medium
9571-EDEBV,0.36381977155282597,0,Medium
7285-KLOTR,0.3633331002850312,0,Medium
4541-RMRLG,0.36330998557904587,0,Medium
0699-NDKJM,0.3631082896970742,0,Medium
3523-QRQLL,0.3630129880835292,0,Medium
3316-UWXUY,0.362864522705937,0,Medium
1591-MQJTP,0.3627172066955636,0,Medium
1347-KTTTA,0.3625762142033975,0,Medium
3723-BFBGR,0.3623382014957348,0,Medium
7940-UQQUG,0.3622870686670631,0,Medium
7619-ODSGN,0.36154123684458406,0,Medium
3253-HKOKL,0.36152254693903574,0,Medium
8199-ZLLSA,0.3613605592940231,0,Medium
8003-EWNDZ,0.3612103186638862,0,Medium
8671-KKKOS,0.36088865682564103,0,Medium
6480-YAGIY,0.36079967746363173,0,Medium
1958-RNRKS,0.36076077150839386,0,Medium
7879-CGSFV,0.3607533534619458,0,Medium
8769-KKTPH,0.36026735882192357,0,Medium
7299-GNVPL,0.36019700081854145,0,Medium
8627-ZYGSZ,0.36018400878161905,0,Medium
8263-OKETD,0.36017521267270164,0,Medium
8561-NMTBD,0.36013172047981096,0,Medium
2946-KIQSP,0.3598995276118271,0,Medium
2186-QZEYA,0.35952399796138035,0,Medium
8213-TAZPM,0.35944986247167304,0,Medium
3865-ZYKAD,0.3594462789952086,0,Medium
0795-GMVQO,0.35927628385249305,0,Medium
4338-EYCER,0.35915736144254484,0,Medium
9881-VCZEP,0.35913862233149896,0,Medium
1142-IHLOO,0.3589757065881805,0,Medium
4415-WNGVR,0.35893145010848876,0,Medium
3347-YJZZE,0.3589196449475258,0,Medium
9831-BPFRI,0.35876730699670534,0,Medium
7143-BQIBA,0.35827034791050394,0,Medium
0931-MHTEM,0.35790704851452326,0,Medium
9314-QDMDW,0.35787789306879847,0,Medium
0895-LMRSF,0.3577731347410906,0,Medium
9972-VAFJJ,0.35766666683479387,0,Medium
4450-MDZFX,0.35756395562697907,0,Medium
5376-PCKNB,0.3573020488742744,0,Medium
9033-EOXWV,0.35720334338192306,0,Medium
2250-IVBWA,0.35719308340874967,0,Medium
2692-AQCPF,0.3568509534017076,0,Medium
5639-NTUPK,0.3566742638680602,0,Medium
4827-USJHP,0.35651035358206057,0,Medium
1710-RCXUS,0.3563582591026663,0,Medium
1814-DKOLC,0.3563339161221241,0,Medium
9817-APLHW,0.3562300113712975,0,Medium
5198-HQAEN,0.35619692018374893,0,Medium
7826-VVKWT,0.3561283453371273,0,Medium
2229-VWQJH,0.35544970202626014,0,Medium
0872-JCPIB,0.35505207260962013,0,Medium
1480-IVEVR,0.35489802932859577,0,Medium
3570-YUEKJ,0.35486554110346336,0,Medium
3285-UCQVC,0.35472253596612807,0,Medium
0278-YXOOG,0.35461987065401995,0,Medium
6202-DYYFX,0.3545890277553226,0,Medium
2931-XIQBR,0.35417906941076593,0,Medium
8930-XOTDP,0.35391537567105485,0,Medium
7502-BNYGS,0.35340219974547127,0,Medium
3307-TLCUD,0.35338864636995004,0,Medium
8292-TYSPY,0.3532635808398312,0,Medium
2908-ZTPNF,0.35281681320702285,0,Medium
9494-BDNNC,0.3521992871009517,0,Medium
4291-HYEBC,0.35199061699994183,0,Medium
1322-AGOQM,0.3516929275263255,0,Medium
3097-IDVPU,0.35140280266229906,0,Medium
7629-WIXZF,0.3513828140117383,0,Medium
7596-LDUXP,0.3513444011583396,0,Medium
8746-OQQRW,0.3512532843652573,0,Medium
6576-FBXOJ,0.350711454936144,0,Medium
4701-MLJPN,0.3503400051357786,0,Medium
9746-MDMBK,0.3499295535082583,0,Medium
0748-RDGGM,0.3498709639140593,0,Medium
4945-RVMTE,0.34953531372911195,0,Medium
2087-QAREY,0.34939576579741205,0,Medium
9097-ZUBYC,0.34883877126415763,0,Medium
2446-ZKVAF,0.3487390290583823,0,Medium
5616-PRTNT,0.3486920887557881,0,Medium
9115-YQHGA,0.34853178985853406,0,Medium
9839-ETQOE,0.34850479094686837,0,Medium
6959-GQEGV,0.3484268383353734,0,Medium
5445-PZWGX,0.3482838376686004,0,Medium
0580-PIQHM,0.34810140083953933,0,Medium
5206-HPJKM,0.34800086408081987,0,Medium
6214-EDAKZ,0.3477070317713389,0,Medium
8082-GHXOP,0.34750097452160156,0,Medium
7614-QVWQL,0.3474695924472132,0,Medium
1699-HPSBG,0.3473415808010215,0,Medium
3694-GLTJM,0.34709327633736853,0,Medium
4282-MSACW,0.3469425456877392,0,Medium
3948-FVVRP,0.3469125765364143,0,Medium
4785-NKHCX,0.3468829086037425,0,Medium
9763-GRSKD,0.3468802675626691,0,Medium
4355-CVPVS,0.34677912664770594,0,Medium
1768-HNVGJ,0.34672136774058826,0,Medium
9475-NNDGC,0.3466929657445932,0,Medium
4712-AUQZO,0.3464559057865929,0,Medium
5966-EMAZU,0.34626549409837293,0,Medium
7740-KKCXF,0.34609529208833945,0,Medium
3466-BYAVD,0.34609350706832415,0,Medium
8205-OTCHB,0.3460772174936162,0,Medium
6728-DKUCO,0.3460575167664383,0,Medium
9938-EKRGF,0.34589715149548483,0,Medium
0292-WEGCH,0.34552051249177546,0,Medium
0733-VUNUW,0.3454312632945786,0,Medium
9138-EFSMO,0.3454037964272805,0,Medium
4827-LTQRJ,0.34526289445858355,0,Medium
7976-CICYS,0.3449030797416519,0,Medium
3709-OIJEA,0.34483622149518844,0,Medium
7663-ZTEGJ,0.3446324272260948,0,Medium
0820-FNRNX,0.3444442762280085,0,Medium
8044-BGWPI,0.3443117700050824,0,Medium
4283-IVYCI,0.3440217431342093,0,Medium
8053-WWDRO,0.34333935542031246,0,Medium
7610-TVOPG,0.3432894594317446,0,Medium
7639-SUPCW,0.3432838439438459,0,Medium
1131-SUEKT,0.3431744019774798,0,Medium
0308-GIQJT,0.3430675641644525,0,Medium
0690-SRQID,0.3429959694857104,0,Medium
5985-BEHZK,0.342950456279127,0,Medium
6575-SUVOI,0.3428683815336169,0,Medium
3402-XRIUO,0.342775065569597,0,Medium
7673-LPRNY,0.34267633492807453,0,Medium
4860-YZGZM,0.34267054234478256,0,Medium
3521-MNKLV,0.34257290843716826,0,Medium
3413-CSSTH,0.34255206333292065,0,Medium
5590-ZSKRV,0.34251426115449485,0,Medium
6655-LHBYW,0.34232667677620027,0,Medium
1202-KKGFU,0.3422938577800101,0,Medium
1925-LFCZZ,0.34197565457931023,0,Medium
1697-NVVGY,0.34159224089477014,0,Medium
1950-KSVVJ,0.34156304204273613,0,Medium
2830-LEWOA,0.34151962280808523,0,Medium
2237-ZFSMY,0.34114811857859667,0,Medium
2234-XADUH,0.34099065355129177,0,Medium
9069-LGEUL,0.3404336987770423,0,Medium
4083-BFNYK,0.3401647193300331,0,Medium
1134-YWTYF,0.33997375664291585,0,Medium
7266-GSSJX,0.3396709231059309,0,Medium
2294-DMMUS,0.33964636004048643,0,Medium
4402-FTBXC,0.3394543359971005,0,Medium
6806-YDEUL,0.3394316618952765,0,Medium
2056-EVGZL,0.33930226507830097,0,Medium
1004-NOZNR,0.33925480485889564,0,Medium
2794-XIMMO,0.339024307688088,0,Medium
6447-GORXK,0.33869645542418936,0,Medium
4140-WJAWW,0.3385186210088033,0,Medium
2851-STERV,0.3382301516380226,0,Medium
1629-DQQVB,0.33821059102395634,0,Medium
7856-GANIL,0.33809078943842896,0,Medium
1104-FEJAM,0.3379914542067073,0,Medium
9039-RBEEE,0.3374973837374854,0,Medium
9618-LFJRU,0.3371686904887336,0,Medium
2696-ECXKC,0.3364988235293836,0,Medium
0303-WMMRN,0.3357757123074967,0,Medium
7025-IWFHT,0.33556542882356144,0,Medium
7787-BNTZM,0.3355251487061335,0,Medium
9342-VNIMQ,0.3355186356538568,0,Medium
6574-MCOEH,0.3355169162649081,0,Medium
2758-RNWXS,0.3354477191153401,0,Medium
7874-ECPQJ,0.33519734088942155,0,Medium
4785-QRJHC,0.3350811404889704,0,Medium
0052-DCKON,0.3349160172151965,0,Medium
1444-VVSGW,0.33490268265343004,0,Medium
9027-YFHQJ,0.3345882687087738,0,Medium
5995-OIGLP,0.3342128755286952,0,Medium
8404-VLQFB,0.3342090282882815,0,Medium
1679-JRFBR,0.33377873950214576,0,Medium
8970-ANWXO,0.33368207597640426,0,Medium
8756-RDDLT,0.3334345701423918,0,Medium
4833-QTJNO,0.333410941274495,0,Medium
5223-UZAVK,0.3334046258054306,0,Medium
9013-AQORL,0.3328077629791221,0,Medium
5687-DKDTV,0.3327683332805325,0,Medium
2972-YDYUW,0.33272483209950177,0,Medium
4489-SNOJF,0.332406409219953,0,Medium
5366-OBVMR,0.33237950962612395,0,Medium
9909-DFRJA,0.3322205990270593,0,Medium
0206-TBWLC,0.3322182572311555,0,Medium
3786-WOVKF,0.33205207811237464,0,Medium
3126-WQMGH,0.3318087867092244,0,Medium
1395-OFUWC,0.33130031337933624,0,Medium
3896-RCYYE,0.3312922983075446,0,Medium
7163-OCEQI,0.33122943752928263,0,Medium
1925-GMVBW,0.33118841549959643,0,Medium
8627-EHGIP,0.3309331155546308,0,Medium
0864-FVJNJ,0.33093252450317584,0,Medium
4486-EFAEB,0.33051166559101214,0,Medium
3160-TYXLT,0.3301550662556415,0,Medium
4939-KYYPY,0.3300935468116645,0,Medium
1518-OMDIK,0.32997580128679127,0,Medium
2732-ISEZX,0.3295562261426631,0,Medium
6475-VHUIZ,0.32955524345673515,0,Medium
5760-WRAHC,0.32950470748684035,0,Medium
8847-GEOOQ,0.3290030864229977,0,Medium
3948-XHGNA,0.3289477527435173,0,Medium
4765-OXPPD,0.328942773260181,0,Medium
4365-MSDYN,0.3283553364099947,0,Medium
4510-PYUSH,0.3283029209751509,0,Medium
3059-NGMXB,0.32806477387620214,0,Medium
0487-RPVUM,0.3279284757256893,0,Medium
3920-HIHMQ,0.32740371980380545,0,Medium
3981-QSVQI,0.32729983923709993,0,Medium
7883-ROJOC,0.3271362615299704,0,Medium
8317-BVKSO,0.3270925758185361,0,Medium
0201-OAMXR,0.32665196159475135,0,Medium
8992-OBVDG,0.32650838722083475,0,Medium
5702-SKUOB,0.3263152787915834,0,Medium
4903-UYAVB,0.3262459891353897,0,Medium
2796-UUZZO,0.32606121072546357,0,Medium
2379-GYFLQ,0.3259216983404949,0,Medium
9391-DXGGG,0.32589130629310664,0,Medium
4397-FRLTA,0.32581496262721604,0,Medium
6421-SZVEM,0.3254192060456179,0,Medium
5712-VBOXD,0.32520107032415313,0,Medium
6231-WFGFH,0.3250679387548481,0,Medium
5688-KZTSN,0.324889273514581,0,Medium
1222-LRYKO,0.32477930510194164,0,Medium
6599-GZWCM,0.3247235955784509,0,Medium
7824-PANSQ,0.3244696987891319,0,Medium
4676-MQUEA,0.32405935436407657,0,Medium
4558-CGYCZ,0.323869425507452,0,Medium
1336-EZFZY,0.3238595994082507,0,Medium
8402-EIVQS,0.32325302586228555,0,Medium
9970-QBCDA,0.3232228126502595,0,Medium
1265-XTECC,0.3230390072572983,0,Medium
3977-QCRSL,0.32280106740298053,0,Medium
7175-NTIXE,0.32275293905371233,0,Medium
8133-ANHHJ,0.32268107080587133,0,Medium
8652-YHIYU,0.3226627533758148,0,Medium
1810-BOHSY,0.3226516395339655,0,Medium
2843-CQMEG,0.3223424841384667,0,Medium
8410-BGQXN,0.3222580844368369,0,Medium
9896-UYMIE,0.3220909195028355,0,Medium
3865-YIOTT,0.3220304735582643,0,Medium
5968-XQIVE,0.32198096927540454,0,Medium
5951-AOFIH,0.3215010988250794,0,Medium
1409-PHXTF,0.32136271198926614,0,Medium
5168-MQQCA,0.32133770438252485,0,Medium
3363-EWLGO,0.3213038517588749,0,Medium
7718-UPSKJ,0.3212369980919274,0,Medium
2805-EDJPQ,0.321220528135424,0,Medium
5678-VFNEQ,0.3210614589502855,0,Medium
0484-FFVBJ,0.3209342512261101,0,Medium
9578-FOMUK,0.32087739229893103,0,Medium
5222-JCXZT,0.3208127630348513,0,Medium
1684-FLBGS,0.3207411983896249,0,Medium
9378-FXTIZ,0.32062625137813205,0,Medium
5307-UVGNB,0.320544392571432,0,Medium
8033-ATFAS,0.32051032828178905,0,Medium
4316-XCSLJ,0.32043100748023523,0,Medium
1352-VHKAJ,0.32012199809449693,0,Medium
3086-RUCRN,0.3200424547090025,0,Medium
4277-UDIEF,0.31936357416421696,0,Medium
0440-MOGPM,0.31932102941734386,0,Medium
6968-MHOMU,0.31906681215116617,0,Medium
9074-KGVOX,0.318990664956984,0,Medium
7740-BTPUX,0.3188211720228792,0,Medium
7016-NVRIC,0.31852172121357897,0,Medium
9929-PLVPA,0.31837951606501086,0,Medium
2439-QKJUL,0.3183573476817869,0,Medium
8295-FHIVV,0.3183237639751854,0,Medium
6377-KSLXC,0.3181566386903967,0,Medium
5206-XZZQI,0.3181168326680867,0,Medium
6778-JFCMK,0.31795860105717044,0,Medium
4895-TMWIR,0.317871121771223,0,Medium
1492-QGCLU,0.3177412606769928,0,Medium
9470-RTWDV,0.3176606509152702,0,Medium
7789-CRUVC,0.31727044445425256,0,Medium
0440-QEXBZ,0.3172063069006782,0,Medium
4692-NNQRU,0.31718453930183566,0,Medium
4929-ROART,0.31718245068347695,0,Medium
0743-HRVFF,0.31709408354398727,0,Medium
1732-FEKLD,0.317043389819737,0,Medium
4332-MUOEZ,0.31678019194821116,0,Medium
8663-UPDGF,0.3164156366300486,0,Medium
7088-FBAWU,0.3160575830009601,0,Medium
0096-FCPUF,0.3159721121666965,0,Medium
8100-HZZLJ,0.3159029883074419,0,Medium
2155-AMQRX,0.31588012930450754,0,Medium
6261-LHRTG,0.3155575413509456,0,Medium
6661-EIPZC,0.31522722527068336,0,Medium
4075-JFPGR,0.3151670807771576,0,Medium
2486-WYVVE,0.3149362686520494,0,Medium
5619-PTMIK,0.3149077887460035,0,Medium
8785-EPNCG,0.31475492221592627,0,Medium
5084-OOVCJ,0.31468499841537323,0,Medium
0128-MKWSG,0.31438345360546227,0,Medium
1153-GNOLC,0.3143649312734357,0,Medium
4016-BJKTZ,0.31388247904507605,0,Medium
6469-MRVET,0.31366729621896117,0,Medium
1530-ZTDOZ,0.31341864549286613,0,Medium
9025-ZRPVR,0.31333893504405275,0,Medium
7811-JIVPF,0.3129882746749699,0,Medium
6890-PFRQX,0.3129231390699535,0,Medium
1009-IRMNA,0.31279695964994847,0,Medium
8731-WBBMB,0.31251544261694314,0,Medium
3209-ZPKFI,0.31208937628254374,0,Medium
5315-CKEQK,0.3119448925580923,0,Medium
6981-TDRFT,0.3119430829671111,0,Medium
6906-MPARY,0.31185749177206734,0,Medium
3863-IUBJR,0.31179837629953666,0,Medium
4020-KIUDI,0.3117177489448667,0,Medium
2739-CCZMB,0.3116944045286438,0,Medium
5018-HEKFO,0.31167873549517844,0,Medium
4700-UBQMV,0.3115246410126613,0,Medium
5144-PQCDZ,0.31142969896877315,0,Medium
0939-EREMR,0.31084983250592896,0,Medium
9114-VEPUF,0.3107379383511219,0,Medium
5014-WUQMG,0.3106880799872984,0,Medium
3680-CTHUH,0.3106294050939316,0,Medium
3221-CJMSG,0.3105469853511923,0,Medium
6733-LRIZX,0.31044640215503944,0,Medium
8734-FNWVH,0.31029405395486453,0,Medium
2371-KFUOG,0.31014120729877304,0,Medium
1585-MQSSU,0.3098803454283183,0,Medium
1309-XGFSN,0.3095070258697235,0,Medium
3104-OWCGK,0.30943903709304615,0,Medium
5578-NKCXI,0.3091254710372819,0,Medium
2108-GLPQB,0.30908023192417267,0,Medium
9633-DENPU,0.3089587989883272,0,Medium
7919-ZODZZ,0.30876908438245554,0,Medium
5921-NGYRH,0.3085372861569715,0,Medium
0440-UEDAI,0.3084187328143903,0,Medium
0620-XEFWH,0.3079329813943693,0,Medium
1707-HABPF,0.3078670116033166,0,Medium
5850-BDWCY,0.3076715622451067,0,Medium
5268-DSMNQ,0.30742757023389783,0,Medium
4418-LZMSV,0.3074127171619392,0,Medium
7083-YNSKY,0.3071501062747822,0,Medium
7845-URHJN,0.30701946594318286,0,Medium
8409-WQJUX,0.3066208195935296,0,Medium
4923-ADWXJ,0.3065630794115811,0,Medium
6258-NGCNG,0.30630892735838766,0,Medium
8563-IIOXK,0.3061797819013621,0,Medium
0218-QNVAS,0.30610325983933506,0,Medium
7361-YPXFS,0.3060195478071325,0,Medium
1447-PJGGA,0.3057540855543406,0,Medium
2577-GVSIL,0.30537322113733223,0,Medium
3275-RHRNE,0.3049036601330978,0,Medium
5294-IMHHT,0.3048150602553101,0,Medium
7872-RDDLZ,0.30470518901575727,0,Medium
5473-KHBPS,0.30426092696973617,0,Medium
0723-VSOBE,0.30425407661360276,0,Medium
5013-SBUIH,0.3041367830484606,0,Medium
3450-WXOAT,0.30383132000378976,0,Medium
2402-TAIRZ,0.3038105130701865,0,Medium
6738-ISCBM,0.30375844149151565,0,Medium
5440-FLBQG,0.30374216580958235,0,Medium
9565-JSNFM,0.3035665371122186,0,Medium
9863-JZAIC,0.30348031323444113,0,Medium
6549-YMFAW,0.3032109236853461,0,Medium
3181-MIZBN,0.3029234684742674,0,Medium
4139-SUGLD,0.30287074166113354,0,Medium
5089-IFSDP,0.30227688835228406,0,Medium
2931-VUVJN,0.3022705866962653,0,Medium
6873-UDNLD,0.30195118756523975,0,Medium
0369-ZGOVK,0.3019262517314796,0,Medium
7382-DFJTU,0.30184218004356295,0,Medium
8474-UMLNT,0.3017459535053318,0,Medium
2791-SFVEW,0.30171840631715285,0,Medium
6158-DWPZT,0.3015523383513449,0,Medium
6322-PJJDJ,0.3014420717633418,0,Medium
1428-IEDPR,0.30128953336096537,0,Medium
0076-LVEPS,0.3011162285581494,0,Medium
3470-BTGQO,0.30111290743966534,0,Medium
7605-SNLQG,0.3009725560187493,0,Medium
3675-EQOZA,0.30032512638807907,0,Medium
3863-QSTYI,0.30002050473354547,0,Medium
4182-BGSIQ,0.29998031838638445,0,Low
3794-NFNCH,0.29994263053098147,0,Low
9978-HYCIN,0.2999180597225575,0,Low
0117-LFRMW,0.2998403909432077,0,Low
6804-GDMOI,0.2996666462846061,0,Low
8080-POTJR,0.2995825111412986,0,Low
4495-LHSSK,0.29956517909731206,0,Low
0678-RLHVP,0.2993137022637881,0,Low
1125-SNVCK,0.29922049422337227,0,Low
2159-TURXX,0.29911423147880445,0,Low
3327-YBAKM,0.2989755759448008,0,Low
2978-XXSOG,0.29895989868090195,0,Low
3537-RYBHH,0.2988001673844478,0,Low
5955-EPOAZ,0.29861960859269543,0,Low
3594-UVONA,0.2986116132372573,0,Low
5748-RNCJT,0.29857816428769235,0,Low
6164-HXUGH,0.2981487613182096,0,Low
8894-JVDCV,0.29813222970317277,0,Low
9754-CLVZW,0.2978714584435124,0,Low
6837-HAEVO,0.297679646116566,0,Low
2801-NISEI,0.2976554130769604,0,Low
6648-INWPS,0.2970171880882868,0,Low
2616-UUTFK,0.29664490450738323,0,Low
5766-XQXMQ,0.29655070793339444,0,Low
0031-PVLZI,0.29643196252676207,0,Low
6302-JGYRJ,0.2962090116036189,0,Low
1159-WFSGR,0.29589870015406877,0,Low
4139-JPIAM,0.2958604099597599,0,Low
1386-ZIKUV,0.2956186254133395,0,Low
5240-CAOYT,0.29558004758725154,0,Low
9259-PACGQ,0.2954313048179852,0,Low
3724-UCSHY,0.2953575006233914,0,Low
9308-ANMVE,0.2952910357223506,0,Low
1346-PJWTK,0.29513928153908264,0,Low
3736-BLEPA,0.2950979447161747,0,Low
9554-DFKIC,0.2949684870554413,0,Low
2001-MCUUW,0.29495554110457095,0,Low
2055-SIFSS,0.2946369519915887,0,Low
4747-LCAQL,0.2945919776665592,0,Low
3621-CHYVB,0.2943906576793549,0,Low
3682-YEUWS,0.2941122173778216,0,Low
8350-NYMVI,0.29384566535722745,0,Low
9060-HJJRW,0.2938369167481441,0,Low
6092-QZVPP,0.29325063410233787,0,Low
7629-WFGLW,0.2931626498487878,0,Low
3092-IGHWF,0.29304760949631153,0,Low
6386-SZZKH,0.2929756171828899,0,Low
2023-VQFDL,0.2929697088403052,0,Low
9143-CANJF,0.2928957569501946,0,Low
5832-TRLPB,0.29283558513170727,0,Low
0584-BJQGZ,0.29183124979617425,0,Low
4826-DXMUP,0.2917737272357788,0,Low
2266-SJNAT,0.29175990204355845,0,Low
0824-VWDPO,0.29118667957785405,0,Low
1735-XMJVH,0.2909172187047062,0,Low
5989-OMNJE,0.2908908542226174,0,Low
3703-TTEPD,0.290861183898715,0,Low
5555-RNPGT,0.2908477913324121,0,Low
7108-DGVUU,0.2906699343352109,0,Low
2259-OUUSZ,0.29063756087028425,0,Low
5236-PERKL,0.290446326765154,0,Low
0696-UKTOX,0.2902802924594651,0,Low
1121-QSIVB,0.2900936252262151,0,Low
3011-WQKSZ,0.2899898410759482,0,Low
8984-EYLLL,0.28993002778411325,0,Low
7036-ZZKBD,0.28985353586405926,0,Low
6794-HKIAJ,0.2898073632482458,0,Low
3642-GKTCT,0.28979442804914046,0,Low
7820-ZYGNY,0.28954700507305425,0,Low
7572-KPVKK,0.2891743705191064,0,Low
0689-DSXGL,0.2891093633673567,0,Low
2896-TBNBE,0.28853978517865314,0,Low
4063-EIKNQ,0.2882742630182164,0,Low
9256-JTBNZ,0.2881533908871767,0,Low
9367-OIUXP,0.2881257052969233,0,Low
9086-YJYXS,0.28779689915472517,0,Low
1666-JZPZT,0.2876866382294627,0,Low
7446-KQISO,0.2871959998703801,0,Low
8268-YDIXR,0.2870530058969199,0,Low
7219-TLZHO,0.28689567333609184,0,Low
3038-PQIUY,0.28680412054514237,0,Low
3324-OIRTO,0.2866604436154424,0,Low
0623-EJQEG,0.28653213996609805,0,Low
1345-GKDZZ,0.2864816495089818,0,Low
5448-VWNAM,0.28612166537549455,0,Low
4946-EDSEW,0.28592019073513564,0,Low
9504-DSHWM,0.2855891646424183,0,Low
0396-UKGAI,0.2852212431762805,0,Low
4501-UYKBC,0.28507506202341837,0,Low
8944-AILEF,0.28445083691995526,0,Low
0384-RVBPI,0.2843464405620195,0,Low
7123-WQUHX,0.2839203535184323,0,Low
6402-SSEJG,0.28387465920064775,0,Low
9795-VOWON,0.2838542076701168,0,Low
5195-KPUNQ,0.28383338406680514,0,Low
6603-QWSPR,0.28383159115890233,0,Low
8548-AWOFC,0.2838077710745698,0,Low
5396-IZEPB,0.2837895774952931,0,Low
5478-JJVZK,0.28351984634313143,0,Low
7803-XOCCZ,0.2834844426302547,0,Low
7234-KMNRQ,0.2833219212325474,0,Low
4801-KFYKL,0.2833060236792928,0,Low
5032-USPKF,0.2832591449649885,0,Low
3633-CDBUW,0.28307427598234247,0,Low
1383-EZRWL,0.2828264489399445,0,Low
5832-EXGTT,0.2827736582772869,0,Low
6289-CPNLD,0.2827132365462519,0,Low
5294-CDGWY,0.28252242070607436,0,Low
8582-KRHPJ,0.2823664036157575,0,Low
7762-URZQH,0.2823257212306918,0,Low
2320-YKQBO,0.2822823675220638,0,Low
2889-FPWRM,0.281973889545327,0,Low
8591-NXRCV,0.2819503029504386,0,Low
1840-BIUOG,0.28162994094432325,0,Low
4504-YOULA,0.2815875713737478,0,Low
0186-CAERR,0.28158018411106694,0,Low
0744-GKNGE,0.2815523589784281,0,Low
6979-TNDEU,0.2814507126869188,0,Low
7459-IMVYU,0.28088496087117765,0,Low
0810-BDHAW,0.2807963703470319,0,Low
6112-KTHFQ,0.28070931922610687,0,Low
3758-CKOQL,0.2803676517854348,0,Low
8963-MQVYN,0.2803417827802803,0,Low
5176-LDKUH,0.2802199266386133,0,Low
8624-GIOUT,0.2800761291362238,0,Low
0380-ZCSBI,0.28004609555260784,0,Low
2530-FMFXO,0.27998844495392056,0,Low
6705-LNMDD,0.27984353877483303,0,Low
5151-HQRDG,0.2798290105516912,0,Low
2428-ZMCTB,0.2797793269748369,0,Low
3351-NQLDI,0.2794957581267315,0,Low
1371-WEPDS,0.2793498743019918,0,Low
2212-LYASK,0.2792875260110877,0,Low
0750-EBAIU,0.27926525879928893,0,Low
9738-QLWTP,0.27918780763837986,0,Low
4726-DLWQN,0.27915366805333885,0,Low
5996-NRVXR,0.2791279758175909,0,Low
3099-OONVS,0.27852334194959194,0,Low
0098-BOWSO,0.2784430802570965,0,Low
6941-KXRRV,0.2783864690172332,0,Low
1264-FUHCX,0.2780833788634613,0,Low
5640-CAXOA,0.27795537398631875,0,Low
6502-KUGLL,0.27764976979403283,0,Low
0479-HMSWA,0.2776131322368038,0,Low
3096-WPXBT,0.2776002627213825,0,Low
6583-SZVGP,0.2775952186937356,0,Low
2466-NEJOJ,0.27754692914770535,0,Low
4797-MIWUM,0.277429607841983,0,Low
0549-CYCQN,0.2770798633221563,0,Low
0136-IFMYD,0.2770201662129509,0,Low
4712-UYOOI,0.27676380388917576,0,Low
1114-CENIM,0.27673821533788684,0,Low
7089-XXAYG,0.276715522358693,0,Low
1697-BCSHV,0.27641678529580094,0,Low
0975-UYDTX,0.2763861812656001,0,Low
5345-BMKWB,0.2761389494907227,0,Low
5155-AZQPB,0.2760293066645252,0,Low
2651-ZCBXV,0.2759979137976555,0,Low
2332-EFBJY,0.2758667593809783,0,Low
6621-YOBKI,0.27576996467105724,0,Low
5593-SUAOO,0.27574462162944735,0,Low
3391-JSQEW,0.2757419341837527,0,Low
9644-KVCNC,0.2756593562297303,0,Low
0289-IVARM,0.275525942447227,0,Low
1852-XEMDW,0.27527580858064615,0,Low
4083-EUGRJ,0.27504803383933507,0,Low
4000-VGMQP,0.2749851839102972,0,Low
7531-GQHME,0.27486592546051486,0,Low
9107-UKCKY,0.27482906305672694,0,Low
9480-BQJEI,0.2745091335295573,0,Low
0516-UXRMT,0.2743850766665744,0,Low
4423-JWZJN,0.27419776032402854,0,Low
7013-PSXHK,0.2740829792622301,0,Low
6671-NGWON,0.2739289206527096,0,Low
0310-VQXAM,0.2738903904942166,0,Low
7432-FFVAR,0.273812050300989,0,Low
5353-WILCI,0.2735594904142592,0,Low
3530-CRZSB,0.27355134226262967,0,Low
4002-BQWPQ,0.2733754148570427,0,Low
1060-ENTOF,0.27334157478754717,0,Low
6278-FEPBZ,0.27307190411046206,0,Low
1389-WNUIB,0.2730020564678566,0,Low
8741-LQOBK,0.2729990748709207,0,Low
6319-QSUSR,0.27279707409387766,0,Low
7080-TNUWP,0.272666168923664,0,Low
0547-HURJB,0.2718109513038022,0,Low
1218-VKFPE,0.2717459505510981,0,Low
1810-MVMAI,0.2717329207970405,0,Low
6035-BXTTY,0.27159360217761863,0,Low
9402-ROUMJ,0.2713517699892921,0,Low
6865-JZNKO,0.27123207616601375,0,Low
0655-YDGFJ,0.2712255375315421,0,Low
0750-EKNGL,0.27084633918979517,0,Low
2307-FYNNL,0.27074959202022536,0,Low
0842-IWYCP,0.2706697227067896,0,Low
0708-SJDIS,0.2705683730790104,0,Low
5197-PYEPU,0.2702628991248888,0,Low
7868-BGSZA,0.27020843817547097,0,Low
9391-LMANN,0.27019025145000786,0,Low
6840-RESVB,0.2700710932829418,0,Low
6861-OKBCE,0.2699030120629424,0,Low
8017-UVSZU,0.2698381379646011,0,Low
7233-IOQNP,0.2697930237458102,0,Low
2599-CZABP,0.26952848792693035,0,Low
0297-RBCSG,0.2690436819572282,0,Low
3714-XPXBW,0.2687217802126878,0,Low
9788-YTFGE,0.26867117374352023,0,Low
3750-RNQKR,0.2684729691517527,0,Low
3729-OWRVL,0.26845749913880473,0,Low
2001-EWBQU,0.26833830051736424,0,Low
3282-ZISZV,0.2682686585582543,0,Low
8224-IVVPA,0.2679983021922177,0,Low
9114-AAFQH,0.2676392740758385,0,Low
1641-BYBTK,0.26754748048595517,0,Low
1163-ONYEY,0.26737250578352706,0,Low
0308-IVGOK,0.2672325631250478,0,Low
2928-HLDBA,0.2672123430158806,0,Low
0257-KXZGU,0.26714350541570964,0,Low
0997-YTLNY,0.2668132549124723,0,Low
6972-SNKKW,0.2667725787122682,0,Low
8565-HBFNN,0.266586308334517,0,Low
5150-LJNSR,0.26647616167815985,0,Low
3638-DIMPH,0.26625014020900745,0,Low
1257-SXUXQ,0.26619146136928423,0,Low
6303-KFWSL,0.2660045901173279,0,Low
8439-LTUGF,0.26591006914520554,0,Low
3468-DRVQJ,0.2657264964140649,0,Low
9932-WBWIK,0.2656613618439641,0,Low
7968-QUXNS,0.2654213318276578,0,Low
1921-KYSAY,0.26538531243829855,0,Low
4568-TTZRT,0.26536646148834986,0,Low
7140-ADSMJ,0.265019105573643,0,Low
2851-MMUTZ,0.26447280244600846,0,Low
4732-RRJZC,0.2643399560376694,0,Low
1543-LLLFT,0.26424833259167707,0,Low
5269-NRGDP,0.264181574935218,0,Low
9200-NLNPD,0.26391481265208994,0,Low
7470-DYNOE,0.26391088621997494,0,Low
2223-KAGMX,0.2638353606824884,0,Low
6490-FGZAT,0.26366144736439334,0,Low
5577-OTWWW,0.26357462850054836,0,Low
6749-UTDVX,0.26330019800155013,0,Low
4926-UMJZD,0.2632998806329069,0,Low
1376-HHBDV,0.26329708045047157,0,Low
2202-OUTMO,0.2632962882862638,0,Low
7516-GMHUV,0.26327515497303844,0,Low
7727-SHVZV,0.263205052163816,0,Low
5756-JYOJT,0.26306399172413125,0,Low
8401-EMUWF,0.26304325826143266,0,Low
3070-BDOQC,0.2630104529211165,0,Low
2887-JPYLU,0.26275333225676245,0,Low
9411-TPQQV,0.2625909406139856,0,Low
9146-JRIOX,0.26217327874637264,0,Low
0917-EZOLA,0.2620570431492075,0,Low
3012-VFFMN,0.26201918879314967,0,Low
5774-XZTQC,0.2620039577407928,0,Low
0723-FDLAY,0.26188420820164005,0,Low
8947-YRTDV,0.26173530408074464,0,Low
0285-INHLN,0.2608101351537249,0,Low
6838-HVLXG,0.26055476308058567,0,Low
7964-YESJC,0.26038139639908026,0,Low
4683-WYDOU,0.2597336658876449,0,Low
4274-DRSQT,0.25930318084100956,0,Low
9853-JFZDU,0.2592657539323335,0,Low
5446-DKWYW,0.2592266917836185,0,Low
1539-LNKHM,0.2591481045367072,0,Low
2717-HVIZY,0.2590937759139862,0,Low
4023-RTIQM,0.2589686083305162,0,Low
3077-RSNTJ,0.2589367853574381,0,Low
8910-ICHIU,0.25886728330204256,0,Low
4694-PHWFW,0.2588036885792965,0,Low
6368-NWMCE,0.25827120448937796,0,Low
1116-DXXDF,0.2582264774016028,0,Low
4488-PSYCG,0.2580436665510875,0,Low
7777-UNYHB,0.25793379492121504,0,Low
7706-DZNKK,0.25779156064530623,0,Low
7094-MSZAO,0.2576679360912866,0,Low
0114-RSRRW,0.2576622897506047,0,Low
9822-BIIGN,0.25747647205165985,0,Low
3675-YDUPJ,0.25739119773577035,0,Low
5382-TEMLV,0.25726135889539453,0,Low
3571-DPYUH,0.25710754486794785,0,Low
2882-DDZPG,0.2570487732989708,0,Low
4544-RXFMG,0.2568033756817579,0,Low
7964-ZRKKG,0.2567924006268657,0,Low
8942-DBMHZ,0.2567606359773148,0,Low
2019-HDCZY,0.25675723589389654,0,Low
7839-NUIAA,0.25663699746401314,0,Low
9128-CPXKI,0.2566179172712261,0,Low
4936-YPJNK,0.2564992762445115,0,Low
7931-PXHFC,0.2561343139331738,0,Low
6035-RIIOM,0.25591606439652204,0,Low
0068-FIGTF,0.25548671454293437,0,Low
9586-JGQKH,0.2553114147606863,0,Low
6296-DDOOR,0.2552693122415761,0,Low
9294-TDIPC,0.2551382516277435,0,Low
8216-AZUUZ,0.2543462471971515,0,Low
3847-BAERP,0.2542991681171995,0,Low
4422-QVIJA,0.2540911525514174,0,Low
1400-WIVLL,0.25407517310651695,0,Low
9512-PHSMG,0.25358668369126997,0,Low
3441-CGZJH,0.2531561448420935,0,Low
3192-NQECA,0.25266180671046656,0,Low
2923-ARZLG,0.25253465181914014,0,Low
7541-YLXCL,0.25245639244549406,0,Low
6481-OGDOO,0.25206070475289444,0,Low
4654-DLAMQ,0.25173032142682095,0,Low
3941-XTSKM,0.25134843156643144,0,Low
1045-LTCYT,0.2513106573271626,0,Low
2639-UGMAZ,0.25123920274211614,0,Low
4429-WYGFR,0.25099268178945805,0,Low
5081-NWSUP,0.250953066757212,0,Low
7049-GKVZY,0.25060828570783333,0,Low
0208-BPQEJ,0.25059457135525776,0,Low
6993-YCOBK,0.2503982663642708,0,Low
1850-AKQEP,0.25001401169385895,0,Low
9040-KZVWO,0.2500094163461072,0,Low
6990-YNRIO,0.24973797517739343,0,Low
9555-SAHUZ,0.24971105198441299,0,Low
5514-YQENT,0.24970485033169784,0,Low
9076-AXYIK,0.24949746005483087,0,Low
0377-JBKKT,0.24944682735624646,0,Low
6994-ORCWG,0.24940971853209523,0,Low
2150-UWTFY,0.2491144555802067,0,Low
9170-GYZJC,0.24906615927225773,0,Low
2773-OVBPK,0.2489703859050873,0,Low
8735-NBLWT,0.24887386109407997,0,Low
4174-LPGTI,0.2486972856711165,0,Low
7674-YTAFD,0.24868578791006152,0,Low
1385-TQOZW,0.24852722528014357,0,Low
6476-EPYZR,0.24838690585503145,0,Low
8079-XRJRS,0.24817343742681128,0,Low
9364-YKUVW,0.24810109875577857,0,Low
8659-HDIYE,0.24803223312003495,0,Low
1208-DNHLN,0.247723594183004,0,Low
4759-PXTAN,0.24770094119152575,0,Low
2292-XQWSV,0.24737047781939242,0,Low
3229-USWAR,0.24718529139822126,0,Low
7336-RLLRH,0.24700210789720448,0,Low
9592-ERDKV,0.24673348804212358,0,Low
7228-PAQPD,0.24662257022870676,0,Low
2724-FJDYW,0.24655505648123532,0,Low
5153-LXKDT,0.24635262801522745,0,Low
4385-ZKVNW,0.24621151217005377,0,Low
9677-AVKED,0.24613553577507402,0,Low
0607-MVMGC,0.2459553912189001,0,Low
4186-ZBUEW,0.24593618303213605,0,Low
7156-MXBJE,0.2458817011481547,0,Low
7105-MXJLL,0.24581627418691926,0,Low
6635-MYYYZ,0.2455687536133382,0,Low
8851-RAGOV,0.24554670777309962,0,Low
7623-HKYRK,0.2455397376005266,0,Low
2533-QVMSK,0.24527736227541444,0,Low
4881-GQJTW,0.24505270087679448,0,Low
1099-BTKWT,0.2449839777866914,0,Low
2858-MOFSQ,0.24496627853242775,0,Low
4719-UMSIY,0.24495207944102115,0,Low
0725-CXOTM,0.2448962137367624,0,Low
7217-JYHOQ,0.24478028606402752,0,Low
6933-VLYFX,0.2446935534501915,0,Low
0112-QWPNC,0.24466086167495496,0,Low
4419-UJMUS,0.24434648777258294,0,Low
0002-ORFBO,0.244055497280726,0,Low
1140-UKVZG,0.2439853393736119,0,Low
4119-ZYPZY,0.24398405460422662,0,Low
9762-YAQAA,0.24390130156938486,0,Low
7576-ASEJU,0.243831081652771,0,Low
2321-OMBXY,0.24375436470158396,0,Low
8200-KLNYW,0.2434837076138085,0,Low
4011-ARPHK,0.24347345959971586,0,Low
0142-GVYSN,0.243418545380797,0,Low
1730-VFMWO,0.24315871130191222,0,Low
6732-FZUGP,0.2431223405188747,0,Low
2040-OBMLJ,0.24301190836651532,0,Low
0345-XMMUG,0.24300945895607293,0,Low
8400-WZICQ,0.24287518018817178,0,Low
2969-WGHQO,0.24284380376999148,0,Low
2958-NHPPS,0.24256467340807727,0,Low
5872-OEQNH,0.24252959815854197,0,Low
6266-QHOJZ,0.2425257084103224,0,Low
9609-BENEA,0.24249153317845,0,Low
9518-IMLHK,0.24245386988632375,0,Low
5149-CUZUJ,0.24243032632364558,0,Low
5944-UGLLK,0.24235950933168726,0,Low
2930-UOTMB,0.2422899770773325,0,Low
9513-DXHDA,0.2418870466697019,0,Low
8314-DPQHL,0.24178598813957494,0,Low
4353-HYOJD,0.2416103518973939,0,Low
5985-TBABQ,0.2414340746964884,0,Low
4644-PIZRT,0.24120001091395515,0,Low
7998-ZLXWN,0.24117128720395076,0,Low
1150-WFARN,0.24112798657445877,0,Low
5863-OOKCL,0.2410107167845756,0,Low
6778-EICRF,0.24063180691646363,0,Low
3022-BEXHZ,0.24063180536406634,0,Low
1891-QRQSA,0.24049492703658976,0,Low
1991-VOPLL,0.24043082288787956,0,Low
3898-BSJYF,0.2398852546283331,0,Low
1614-JBEBI,0.2397462554744354,0,Low
8819-ZBYNA,0.23957833621158628,0,Low
8318-LCNBW,0.23957701336906062,0,Low
6617-WLBQC,0.23899431661139642,0,Low
8319-QBEHW,0.23896490582913738,0,Low
9546-KDTRB,0.23893453678041834,0,Low
9931-KGHOA,0.23881308862236944,0,Low
8845-LWKGE,0.23861121358900966,0,Low
5539-HIVAK,0.23859048563622992,0,Low
5397-TUPSH,0.23858898226426142,0,Low
5343-SGUBI,0.23847376306158008,0,Low
4742-DRORA,0.23846789498966237,0,Low
7672-VFMXZ,0.23841664670811707,0,Low
2988-QRAJY,0.23828416272211816,0,Low
6682-QJDGB,0.23822504818267567,0,Low
0384-LPITE,0.2380728724078094,0,Low
6297-NOOPG,0.23792038086432205,0,Low
4106-HADHQ,0.23783547219312,0,Low
0134-XWXCE,0.23767072347721704,0,Low
9351-LZYGF,0.23726076016029302,0,Low
2324-EFHVG,0.23717877972170642,0,Low
0489-WMEMG,0.23712833939931194,0,Low
5193-QLVZB,0.2367122268311933,0,Low
7812-FZHPE,0.23650901330330718,0,Low
9357-UJRUN,0.23625549186244071,0,Low
2634-HCZGT,0.2361457387214631,0,Low
2925-MXLSX,0.23596709225899498,0,Low
2683-JXWQQ,0.23552745928507252,0,Low
1304-SEGFY,0.23515041636043862,0,Low
7951-VRDVK,0.23508833771394605,0,Low
2834-JRTUA,0.23486343078611238,0,Low
4776-XSKYQ,0.23484414908564238,0,Low
1096-ADRUX,0.23469313112701004,0,Low
3090-HAWSU,0.23446331941426224,0,Low
1095-WGNGG,0.2341505714355706,0,Low
6103-LIANB,0.23400567468623087,0,Low
9362-MWODR,0.2338660871336219,0,Low
1784-BXEFA,0.23385954105116244,0,Low
6286-ZHAOK,0.23377017486554175,0,Low
4072-IPYLT,0.23362669935401056,0,Low
8035-BUYVG,0.23336168837469928,0,Low
8467-WYNSR,0.23328368962306648,0,Low
6341-JVQGF,0.23325944611465763,0,Low
3318-ISQFQ,0.23325644426152692,0,Low
6598-RFFVI,0.23317825624534871,0,Low
2812-ENYMO,0.2327478263586029,0,Low
4682-BLBUC,0.2326041597649743,0,Low
1563-IWQEX,0.23251789208729912,0,Low
4163-KIUHY,0.23228884875511588,0,Low
0347-UBKUZ,0.2319880668415383,0,Low
0233-FTHAV,0.23194424087923016,0,Low
5092-STPKP,0.2318681705187881,0,Low
5837-LXSDN,0.23175512800399362,0,Low
8809-RIHDD,0.2316181013239633,0,Low
2558-BUOZZ,0.2315943733141203,0,Low
9092-GDZKO,0.23156983335041068,0,Low
5120-ZBLAI,0.2314353161541418,0,Low
8707-HOEDG,0.23142323129608453,0,Low
6075-QMNRR,0.23139825167211592,0,Low
2325-ZUSFD,0.23131413129035938,0,Low
2911-IJORQ,0.2313070844147918,0,Low
5360-LJCNJ,0.23127693772374167,0,Low
2371-JUNGC,0.2309691341317729,0,Low
0303-UNCIP,0.23093100096870797,0,Low
9770-KXGQU,0.23090504785497304,0,Low
9367-TCUYN,0.23086593527984836,0,Low
1237-WIYYZ,0.2308407620888821,0,Low
4626-OZDTJ,0.23078708345340931,0,Low
4531-AUZNK,0.23045841972556855,0,Low
5393-HJZSM,0.23041666138758182,0,Low
9972-NKTFD,0.2304030546350127,0,Low
9330-VOFSZ,0.23030585564782108,0,Low
1452-XRSJV,0.23005360297702038,0,Low
6734-FQAJX,0.22967156311695547,0,Low
1337-BOZWO,0.2294716795592605,0,Low
8550-XSXUQ,0.22938397593931112,0,Low
1984-GPTEH,0.2292873698376721,0,Low
4795-WRNVT,0.22878127218912725,0,Low
8707-RMEZH,0.22821951476799401,0,Low
0665-XHDJU,0.22806128776012136,0,Low
9488-FYQAU,0.2280017360847382,0,Low
2363-BJLSL,0.22764156793113544,0,Low
5913-INRQV,0.22744247776902585,0,Low
7657-DYEPJ,0.22730405241909457,0,Low
6728-CZFEI,0.2272383741433168,0,Low
1247-QBVSH,0.22715778407307496,0,Low
3387-PLKUI,0.2268063494363519,0,Low
3259-FDWOY,0.2267918868375128,0,Low
3552-CTCYF,0.2266441605298004,0,Low
7182-OVLBJ,0.2266404327279547,0,Low
6131-JLWZM,0.2265643444402769,0,Low
8822-KNBHV,0.22638179829646804,0,Low
6040-CGACY,0.22636468494588188,0,Low
2338-BQEZT,0.2263139454341282,0,Low
1179-INLAT,0.2262547931284884,0,Low
3428-MMGUB,0.2261840984360552,0,Low
6416-JNVRK,0.22597387265651547,0,Low
1725-IQNIY,0.22595637963923138,0,Low
4713-ZBURT,0.2258133241576517,0,Low
6036-TTFYU,0.22573137691500933,0,Low
4129-LYCOI,0.2255898010515533,0,Low
1136-XGEQU,0.22513231612222848,0,Low
0787-LHDYT,0.22484749095899104,0,Low
7696-AMHOD,0.22480624853680908,0,Low
4189-NAKJS,0.22426815499508368,0,Low
7519-JTWQH,0.22411211486555946,0,Low
4830-FAXFM,0.22395809392366467,0,Low
2242-MFOTG,0.22381290710615986,0,Low
6500-JVEGC,0.22352637885315593,0,Low
8138-EALND,0.22337985659084955,0,Low
1097-FSPVW,0.22332718982206518,0,Low
0201-MIBOL,0.22321681475915883,0,Low
2408-PSJVE,0.22308866579966524,0,Low
5651-CRHKQ,0.22299042217541257,0,Low
7107-UBYKY,0.22275428397303626,0,Low
4903-CNOZC,0.22264980646719923,0,Low
3061-BCKYI,0.222191900720965,0,Low
9798-DRYDS,0.22158364477326625,0,Low
8788-DOXSU,0.22154595911531805,0,Low
6265-SXWBU,0.22124332575222191,0,Low
9405-GPBBG,0.2211964048221946,0,Low
9786-IJYDL,0.22114522965409694,0,Low
3214-IYUUQ,0.22112248204969892,0,Low
1708-PBBOA,0.2211171393893498,0,Low
7036-TYDEC,0.22111379400017378,0,Low
4730-AWNAU,0.22088465062454177,0,Low
8496-DMZUK,0.22053505262322132,0,Low
8224-UAXBZ,0.22019797322275947,0,Low
8591-TKMZH,0.2200260847332362,0,Low
2129-ALKBS,0.21996204020840146,0,Low
1744-JHKYS,0.2198874756100908,0,Low
6261-RCVNS,0.2195119775659815,0,Low
5018-LXQQG,0.21930525687977664,0,Low
4837-QUSFT,0.21929240300020267,0,Low
9388-ZEYVT,0.2192801040549341,0,Low
3224-DFQNQ,0.21914427616972865,0,Low
1488-SYSFC,0.21901651868081168,0,Low
8752-GHJFU,0.21899387343813426,0,Low
3096-YXENJ,0.21897646928628237,0,Low
5795-KTGUD,0.21878157090955877,0,Low
0661-KBKPA,0.21829364633044496,0,Low
2277-BKJKN,0.21822115226644462,0,Low
4328-VUFWD,0.218124969429627,0,Low
7136-IHZJA,0.21792474376701312,0,Low
8041-TMEID,0.2176765263505739,0,Low
5020-ZSTTY,0.2175469699030535,0,Low
8246-SHFGA,0.21730864600775623,0,Low
6242-SGYTS,0.2171323790769081,0,Low
7753-USQYQ,0.2171163442972744,0,Low
2530-ENDWQ,0.21701428229569694,0,Low
5236-XMZJY,0.2169573019160112,0,Low
6156-UZDLF,0.2168872010781583,0,Low
5724-BIDBU,0.21680086826122089,0,Low
0594-UFTUL,0.21665520780413589,0,Low
5566-SOEZD,0.21635681517293257,0,Low
8879-ZKJOF,0.21620543801225872,0,Low
4778-IZARL,0.21556437140069187,0,Low
6408-OTUBZ,0.21552832940695488,0,Low
4806-DXQCE,0.215518243471666,0,Low
4104-PVRPS,0.21528346591194325,0,Low
9695-IDRZR,0.21516745977443197,0,Low
9691-HKOVS,0.2150000867464722,0,Low
3374-TTZTK,0.21494571946736168,0,Low
4003-OCTMP,0.214857609048322,0,Low
6784-XYJAE,0.21472793249720384,0,Low
0960-HUWBM,0.21471220944789604,0,Low
6663-JOCQO,0.2144407307202819,0,Low
7159-NOKYQ,0.21442716751217716,0,Low
2038-YSEZE,0.21439939218992918,0,Low
0022-TCJCI,0.2143723017091436,0,Low
5271-YNWVR,0.21427221691756876,0,Low
4616-ULAOA,0.21411419019536246,0,Low
0496-AHOOK,0.21392244701757454,0,Low
5012-YSPJJ,0.21366345283950322,0,Low
4522-XRWWI,0.2134348205405101,0,Low
6620-HVDUJ,0.21339002571984644,0,Low
3752-CQSJI,0.21307162470923258,0,Low
3733-UOCWF,0.21300585822265106,0,Low
2323-ARSVR,0.21280800920705667,0,Low
1064-FBXNK,0.21280715246897797,0,Low
7707-PYBBH,0.2124739996673255,0,Low
6718-BDGHG,0.21247105737999156,0,Low
9742-XOKTS,0.21194606990704773,0,Low
7356-AYNJP,0.21183595760743323,0,Low
7876-AEHIG,0.21180467700729144,0,Low
0020-JDNXP,0.21170227955573984,0,Low
3597-YASZG,0.2115968621264282,0,Low
7868-TMWMZ,0.21158001043380692,0,Low
3969-JQABI,0.2115601296614862,0,Low
1621-YNCJH,0.21122339355825742,0,Low
4198-VFOEA,0.2110418917836526,0,Low
8996-ZROXE,0.21085303598144042,0,Low
7100-FQPRV,0.21083595007772393,0,Low
6766-HFKLA,0.21083163246046782,0,Low
5025-GOOKI,0.2106766382608055,0,Low
3824-RHKVR,0.21061007174706403,0,Low
8221-EQDGL,0.2105340531396912,0,Low
9933-QRGTX,0.21044495932508517,0,Low
4091-TVOCN,0.21042473113566373,0,Low
7781-EWARA,0.21018307760037724,0,Low
0516-QREYC,0.2098567290049545,0,Low
2419-FSORS,0.20972218914219531,0,Low
4464-JCOLN,0.20968351849446237,0,Low
5975-BAICR,0.20944711276712102,0,Low
5524-KHNJP,0.2092735108294529,0,Low
3766-EJLFL,0.20913048791003908,0,Low
8780-RSYYU,0.20909979680774488,0,Low
6568-POCUI,0.20865573952794444,0,Low
2484-DGXPZ,0.20862230800265918,0,Low
8929-KSWIH,0.20860535220167525,0,Low
5829-NVSQN,0.20860056379819725,0,Low
3026-ATZYV,0.20850430209712106,0,Low
1163-VIPRI,0.20807891490145797,0,Low
8815-LMFLX,0.2080433985247223,0,Low
5815-HGGHV,0.2080303142206072,0,Low
3915-ODIYG,0.20787356806734558,0,Low
6797-LNAQX,0.20775037394519236,0,Low
0667-NSRGI,0.20771571866323657,0,Low
5562-BETPV,0.20760183861188375,0,Low
6196-HBOBZ,0.20753366884026261,0,Low
2391-IPLOP,0.20750475396289275,0,Low
6870-ECSHE,0.20743025592839792,0,Low
1397-XKKWR,0.20742387770830806,0,Low
8220-OCUFY,0.20739044612919477,0,Low
9031-ZVQPT,0.20716083596180962,0,Low
6992-TKNYO,0.207135284379306,0,Low
6968-URWQU,0.2069349162797512,0,Low
1301-LOPVR,0.20686451674438633,0,Low
4770-QAZXN,0.20673742439002785,0,Low
7925-PNRGI,0.20672745553641114,0,Low
9495-REDIY,0.20651784551323593,0,Low
1898-JSNDC,0.20603517343895356,0,Low
2967-MXRAV,0.20591797490545657,0,Low
4472-LVYGI,0.20576616478457344,0,Low
7666-WKRON,0.20535650529357455,0,Low
6250-CGGUN,0.2053266165025674,0,Low
3417-TSCIC,0.20528521988876647,0,Low
5808-TOTXO,0.2052428417329512,0,Low
1527-SXDPN,0.20517588601194414,0,Low
8457-XIGKN,0.20489860222297565,0,Low
5049-MUBWG,0.20466893893418792,0,Low
2233-TXSIU,0.20442020295495733,0,Low
9938-ZREHM,0.20439069724657058,0,Low
1576-PFZIW,0.20432793076966044,0,Low
5229-DTFYB,0.20424851359007679,0,Low
4853-RULSV,0.2041789217585287,0,Low
8071-SBTRN,0.20397182568122693,0,Low
2450-ZKEED,0.20368279202341943,0,Low
8646-JCOMS,0.20362497347921005,0,Low
0815-MFZGM,0.20341003757528509,0,Low
7923-IYJWY,0.20309863894172236,0,Low
0716-BQNDX,0.20303340149497817,0,Low
8865-TNMNX,0.20297750746406215,0,Low
7208-PSIHR,0.20271441518180167,0,Low
5693-PIPCS,0.20267444098920562,0,Low
1094-BKOSX,0.2026725856072851,0,Low
7520-HQWJU,0.20249630634412877,0,Low
2294-SALNE,0.20248665490962753,0,Low
2239-CFOUJ,0.2023366415226191,0,Low
1353-GHZOS,0.20219418340677695,0,Low
1150-FTQGN,0.2018751309870659,0,Low
8405-IGQFX,0.20182473956834002,0,Low
1557-EMYVT,0.20160409462939072,0,Low
0565-JUPYD,0.20150788137194617,0,Low
8610-ZIKJJ,0.20135070593266852,0,Low
5447-VYTKW,0.2012647291978548,0,Low
1702-CCFNJ,0.20103130530601016,0,Low
4199-QHJNM,0.200681183398994,0,Low
0266-CLZKZ,0.20063981161335467,0,Low
7317-GGVPB,0.20041808956835466,0,Low
5857-XRECV,0.20030224951021144,0,Low
6838-YAUVY,0.20011587746530274,0,Low
1171-TYKUR,0.2001109089725486,0,Low
9391-TTOYH,0.2000583956058113,0,Low
3612-YUNGG,0.19994165399817537,0,Low
6171-ZTVYB,0.19993001273145533,0,Low
8261-GWDBQ,0.1999286160973479,0,Low
6752-APNJL,0.19988734074271833,0,Low
3716-LRGXK,0.19982133765690863,0,Low
0557-ASKVU,0.19968956046013503,0,Low
0373-AIVNJ,0.1995487318580445,0,Low
9955-QOPOY,0.19939926207014216,0,Low
3696-XRIEN,0.1993873242853499,0,Low
4369-NYSCF,0.19934027751653444,0,Low
3197-NNYNB,0.19917344241721543,0,Low
8573-CGOCC,0.19907871923856332,0,Low
5681-LLOEI,0.1989439005884168,0,Low
5915-DGNVC,0.19891351515201483,0,Low
4697-LUPSU,0.1988755772831836,0,Low
4508-OEBEY,0.1983705310112834,0,Low
1866-NXPSP,0.19822078655376266,0,Low
1137-DGOWI,0.1976397223324458,0,Low
2746-DIJLO,0.19748429106713078,0,Low
7184-LRUUR,0.19734101088572706,0,Low
4159-NAAIX,0.1972472428463159,0,Low
5173-ZXXXL,0.19717924671555867,0,Low
4611-ANLQC,0.19694904989040754,0,Low
4576-CSAJH,0.1969241661320119,0,Low
4366-CTOUZ,0.19677704575150443,0,Low
5442-BXVND,0.19667113738283154,0,Low
3617-XLSGQ,0.19651262272321776,0,Low
7663-CUXZB,0.1963408149298295,0,Low
2483-XSSMZ,0.19629949589042944,0,Low
7838-LAZFO,0.19612248657126496,0,Low
8821-KVZKQ,0.19610570317396392,0,Low
0670-ANMUU,0.19544991421423896,0,Low
5203-XEHAX,0.19498251708288894,0,Low
6506-EYCNH,0.19484983890042865,0,Low
4627-MIHJH,0.19467650461370073,0,Low
8909-BOLNL,0.19453025865303386,0,Low
9715-WZCLW,0.1944999362027542,0,Low
2054-PJOCK,0.19447864934282158,0,Low
0484-JPBRU,0.19431705142569722,0,Low
0356-OBMAC,0.19391982132498398,0,Low
7105-BENQF,0.19384132182416694,0,Low
2171-UDMFD,0.19382535503338483,0,Low
1090-PYKCI,0.19366905905787363,0,Low
4322-RCYMT,0.19360761589889275,0,Low
6616-AALSR,0.1932771260903435,0,Low
7954-MLBUN,0.19324188637214132,0,Low
6161-ERDGD,0.1929231282772359,0,Low
2519-TWKFS,0.1929131749229122,0,Low
3486-KHMLI,0.1928796858776493,0,Low
7997-EASSD,0.19284674598287682,0,Low
8034-RYTVV,0.19266717377212783,0,Low
7176-WRTNX,0.19266215562871777,0,Low
0080-EMYVY,0.19264160504671304,0,Low
1057-FOGLZ,0.19253463645794178,0,Low
8065-QBYTO,0.19234472450200552,0,Low
0305-SQECB,0.19221154499934207,0,Low
5756-OZRIO,0.19213196068728117,0,Low
0628-CNQRM,0.19203430096410296,0,Low
0679-TDGAK,0.19196635823642325,0,Low
3137-NYQQI,0.19188729199826338,0,Low
1577-HKTFG,0.19149322530555146,0,Low
4623-ZKHLY,0.1914493129181455,0,Low
4815-YOSUK,0.19130958647990814,0,Low
1431-CYWMH,0.19127177885396698,0,Low
4389-UEFCZ,0.19123504109837658,0,Low
8465-SBRXP,0.1911599628738424,0,Low
9432-RUVSL,0.1907419532262239,0,Low
5504-WSIUR,0.1903095577679472,0,Low
1282-IHQAC,0.19023636357824233,0,Low
4598-ZADCK,0.18993863548119916,0,Low
9758-MFWGD,0.1898720756763057,0,Low
6837-BJYDQ,0.18976155750119766,0,Low
6103-QCKFX,0.18973626262332313,0,Low
5917-HBSDW,0.18897640750880096,0,Low
9575-IWCAZ,0.18870089813768376,0,Low
4079-ULGFR,0.18869224768618875,0,Low
8099-MZPUJ,0.1885916044187707,0,Low
5090-EMGTC,0.188567271977981,0,Low
9938-TKDGL,0.1885354109864506,0,Low
6993-YGFJV,0.1883908641178675,0,Low
9782-LGXMC,0.18821223259330072,0,Low
0840-DCNZE,0.18787673090068618,0,Low
4822-LPTYJ,0.18758660948652484,0,Low
4134-BSXLX,0.18753385288886437,0,Low
8107-RZLNV,0.18753127641849227,0,Low
5375-XLDOF,0.18720203994901105,0,Low
5546-BYZSM,0.18703978416966682,0,Low
6967-PEJLL,0.18689760403133074,0,Low
8869-LIHMK,0.18689539268159522,0,Low
8777-MBMTS,0.18686706193214386,0,Low
2150-WLKUW,0.186540372491651,0,Low
3850-OKINF,0.18633635415672894,0,Low
4043-MKDTV,0.18629305429152987,0,Low
8498-XXGWA,0.1862395138794104,0,Low
4393-OBCRR,0.18622871123485032,0,Low
5061-PBXFW,0.1861740873683001,0,Low
5286-YHCVC,0.18608012125791487,0,Low
9640-ZSLDC,0.18607734190261144,0,Low
6848-YLDFR,0.18584262300244597,0,Low
9313-CDOGY,0.18555078993459476,0,Low
8738-JOKAR,0.18545246830633316,0,Low
2096-XOTMO,0.18532567581387654,0,Low
3190-FZATL,0.1851200213282453,0,Low
7311-MQJCH,0.18502821252922272,0,Low
8559-CIZFV,0.18493206210889948,0,Low
9134-WYRVP,0.18466078495153038,0,Low
0862-PRCBS,0.18425575747755077,0,Low
5384-ZTTWP,0.18405744078075567,0,Low
0533-UCAAU,0.18401135670724902,0,Low
2522-WLNSF,0.18400757491797703,0,Low
4906-ZHGPK,0.18398281413201742,0,Low
8387-UGUSU,0.18363599204854503,0,Low
7691-KGKGP,0.18362993123272298,0,Low
0487-VVUVK,0.18355934664098028,0,Low
1036-GUDCL,0.1835334937629209,0,Low
8231-BSWXX,0.18349592548394825,0,Low
4378-MYPGO,0.18340233512845883,0,Low
4223-BKEOR,0.183211789431203,0,Low
9848-JQJTX,0.18304452894364814,0,Low
7994-XIRTR,0.18295552764370426,0,Low
4054-CUMIA,0.18285741857128157,0,Low
7641-TQFHN,0.18277312091136844,0,Low
2546-KZAAT,0.18276259130874883,0,Low
9199-PWQVC,0.18264022484260317,0,Low
1741-WTPON,0.18245140518248246,0,Low
9577-WJVCQ,0.18221721439703295,0,Low
8204-TIFGJ,0.18209870072068057,0,Low
9052-DHNKM,0.1820514027939201,0,Low
1936-UAFEH,0.18198256553902573,0,Low
4622-YNKIJ,0.18178179493484065,0,Low
2868-LLSKM,0.18174605614260178,0,Low
6445-TNRXS,0.18152978182977123,0,Low
5468-BPMMO,0.18150451217321717,0,Low
2798-NYLMZ,0.18148484616767838,0,Low
2330-PQGDQ,0.18105688046935037,0,Low
3186-AJIEK,0.18095336807257872,0,Low
5278-PNYOX,0.18088419242205464,0,Low
7134-HBPBS,0.18076505548598615,0,Low
8016-ZMGMO,0.18072540402938314,0,Low
2205-LPVGL,0.18037993436431538,0,Low
9053-JZFKV,0.18032205054412692,0,Low
5709-LVOEQ,0.18025917834132707,0,Low
1183-CANVH,0.18017194722472657,0,Low
9139-TWBAS,0.1800655170339726,0,Low
0687-ZVTHB,0.17998501786972726,0,Low
2316-ESMLS,0.17995884877641438,0,Low
8089-UZWLX,0.17990601502321532,0,Low
2272-WUSPA,0.179897578056215,0,Low
7542-CYDDM,0.179809351370724,0,Low
9730-DRTMJ,0.17949087250041929,0,Low
6933-FHBZC,0.17941273722449502,0,Low
6937-GCDGQ,0.17929084091128183,0,Low
9867-NNXLC,0.17919732644024294,0,Low
5537-UXXVS,0.17915921673103746,0,Low
3648-GZPHF,0.17913522367149232,0,Low
6308-CQRBU,0.17907729209325873,0,Low
2061-VVFST,0.17900061977503096,0,Low
6244-BESBM,0.17880505903462984,0,Low
7471-MQPOS,0.178747376539803,0,Low
4049-ZPALD,0.1787212293455671,0,Low
6352-GIGGQ,0.1787131633013787,0,Low
0234-TEVTT,0.1785632344983868,0,Low
7654-YWJUF,0.17846427167266532,0,Low
6050-FFXES,0.17834236820429925,0,Low
1334-PDUKM,0.17815232164982509,0,Low
8097-OMULG,0.17802278506665659,0,Low
6322-HRPFA,0.17801771271194824,0,Low
4654-GGUII,0.17793280079356025,0,Low
6048-UWKAL,0.17756876871809613,0,Low
8466-PZBLH,0.1774618670589214,0,Low
1555-DJEQW,0.17746052534113113,0,Low
9967-ATRFS,0.17730824509467763,0,Low
5574-NXZIU,0.1772579383075911,0,Low
2690-DVRVK,0.1772267256033534,0,Low
4808-YNLEU,0.1771679109785702,0,Low
7445-WMRBW,0.1770097498467989,0,Low
3363-DTIVD,0.17685865894151126,0,Low
3705-RHRFR,0.1767510816018424,0,Low
6509-TSGWN,0.17667840768309007,0,Low
2632-IVXVF,0.17652338726745567,0,Low
1338-CECEE,0.1764941156336013,0,Low
1474-JUWSM,0.17636236080532858,0,Low
2789-CZANW,0.17633617415677336,0,Low
7956-XQWGU,0.1763307363554215,0,Low
7901-IIDQV,0.1758681079502427,0,Low
5663-QBGIS,0.1757108708159761,0,Low
8932-CZHRQ,0.17559532667835254,0,Low
9625-QNLUX,0.17550689791765198,0,Low
2578-JQPHZ,0.17501850739517724,0,Low
6878-GGDWG,0.17491794379378117,0,Low
8152-VETUR,0.17486002589387126,0,Low
3442-ZHHCC,0.17481856657929237,0,Low
5998-DZLYR,0.1745957086890611,0,Low
5954-BDFSG,0.17453072763508898,0,Low
9063-ZGTUY,0.17446664444312357,0,Low
3623-FQBOX,0.17436319753405172,0,Low
2243-FNMMI,0.17401854002941486,0,Low
1661-CZBAU,0.1739116310451143,0,Low
5777-KJIRB,0.17365483099368667,0,Low
7010-ZMVBF,0.1735982517190095,0,Low
9046-DQMTP,0.17342493153320515,0,Low
9289-LBQVU,0.17310424733061683,0,Low
8406-LNMHF,0.173080875605154,0,Low
1877-HKBQX,0.17306301864305415,0,Low
5160-UXJED,0.17300024854056717,0,Low
2636-SJDOU,0.17279998093412646,0,Low
7833-PKIHD,0.17274960136079226,0,Low
4404-HIBDJ,0.17265910508261648,0,Low
7102-JJVTX,0.17229434514461617,0,Low
9251-WNSOD,0.1722553903737058,0,Low
1536-YHDOE,0.17195426022504406,0,Low
0519-DRGTI,0.17179220690951985,0,Low
7690-KPNCU,0.1717541801673245,0,Low
7055-JCGNI,0.17159500783521117,0,Low
1038-RQOST,0.1713723989425717,0,Low
4686-GEFRM,0.17135513017879558,0,Low
5204-HMGYF,0.1709735138142822,0,Low
3181-VTHOE,0.17081176347448654,0,Low
2405-LBMUW,0.17077073215577912,0,Low
5887-IKKYO,0.17050969114626346,0,Low
4079-VTGLK,0.1704313503886348,0,Low
9386-LDCZR,0.17042522456003661,0,Low
5753-QQWPW,0.1703312694708367,0,Low
6202-JVYEU,0.17024994065646126,0,Low
2877-VDUER,0.1702306045389178,0,Low
3055-VTCGS,0.1698361572828046,0,Low
6674-KVJHG,0.1697227474038921,0,Low
9412-ARGBX,0.16956652855741394,0,Low
7047-YXDMZ,0.1695113744160941,0,Low
0565-IYCGT,0.16945575237572724,0,Low
8680-CGLTP,0.16942297301799158,0,Low
6260-XLACS,0.16941842843975122,0,Low
5696-CEIQJ,0.16928692768206566,0,Low
5161-UBZXI,0.16883661415313478,0,Low
6131-IUNXN,0.1688195832071022,0,Low
7619-PLRLP,0.16854761135489493,0,Low
4075-WKNIU,0.1684806800068174,0,Low
0635-WKOLD,0.16846541892292807,0,Low
0181-RITDD,0.16833692302087017,0,Low
4135-FRWKJ,0.1681635178984059,0,Low
9746-YKGXB,0.1677657592649085,0,Low
6999-CHVCF,0.1677570190383257,0,Low
6900-RBKER,0.1676324885462886,0,Low
4018-KJYUY,0.1675653441713574,0,Low
6505-OZNPG,0.16754971409877542,0,Low
3407-JMJQQ,0.1674922094946552,0,Low
2541-YGPKE,0.1674335067990987,0,Low
1696-MZVAU,0.16741611525685587,0,Low
0930-EHUZA,0.16698026149153072,0,Low
9142-XMYJH,0.1668542313499501,0,Low
2164-SOQXL,0.1668279226971818,0,Low
0866-QLSIR,0.16679487238089205,0,Low
7168-HDQHG,0.16675175094745628,0,Low
4670-TABXH,0.16661714260157415,0,Low
9207-ZPANB,0.16596814113334046,0,Low
3354-OADJP,0.16596446189252728,0,Low
2055-BFOCC,0.16590279494954346,0,Low
1042-HFUCW,0.16577901873961626,0,Low
9894-QMIMJ,0.1652480681252001,0,Low
5791-KAJFD,0.16511851569962255,0,Low
8097-VBQTZ,0.16504930466223566,0,Low
4981-FLTMF,0.1649597019532826,0,Low
6257-DTAYD,0.1644973376470742,0,Low
5386-THSLQ,0.16441989698645956,0,Low
4973-RLZVI,0.1642129511113199,0,Low
3658-QQJYD,0.1641678474664804,0,Low
5306-BVTKJ,0.1641577439176911,0,Low
5327-CNLUQ,0.16413721247938617,0,Low
3205-MXZRA,0.16405239138654326,0,Low
0835-JKADZ,0.1639249787535783,0,Low
9711-FJTBX,0.16383669576445248,0,Low
6174-NRBTZ,0.16382481766280946,0,Low
8608-OZTLB,0.16378833447986801,0,Low
5372-FBKBN,0.16375197576720307,0,Low
6682-VCIXC,0.16371038813747468,0,Low
9917-KWRBE,0.1636494216257961,0,Low
8901-UPRHR,0.16338534661600831,0,Low
1866-DIOQZ,0.16315898665064588,0,Low
0983-TATYJ,0.1631251846982496,0,Low
4116-IQRFR,0.16288096483896547,0,Low
0254-FNMCI,0.16281291198524256,0,Low
1866-ZSLJM,0.1627582649952225,0,Low
0868-VJRDR,0.1627560123899014,0,Low
3870-SPZSI,0.1625340441259907,0,Low
6586-PSJOX,0.1624623123223184,0,Low
1545-JFUML,0.16242732928887588,0,Low
8480-PPONV,0.1624090011039213,0,Low
8383-SGHJU,0.16224739728667376,0,Low
2120-SMPEX,0.16223958743200284,0,Low
2927-CVULT,0.16194916185754216,0,Low
3034-ZBEQN,0.1618572780924033,0,Low
9861-PDSZP,0.1617868991620022,0,Low
4829-ZLJTK,0.16175784832581921,0,Low
8681-ICONS,0.16161497282609677,0,Low
1729-VLAZJ,0.16160491066812563,0,Low
9209-NWPGU,0.1615759615788922,0,Low
7841-FCRQD,0.1615088539302486,0,Low
3301-VKTGC,0.1613163928420685,0,Low
5161-XEUVX,0.16114650735061936,0,Low
6478-HRRCZ,0.16113386326250512,0,Low
7032-LMBHI,0.1610610961936611,0,Low
7746-QYVCO,0.16095803485481713,0,Low
4445-KWOKW,0.16093059406757387,0,Low
9619-GSATL,0.16086915618955414,0,Low
5906-CVLHP,0.16086555167033822,0,Low
6082-GLJIX,0.16044729511838324,0,Low
5499-ECUTN,0.16028030204686367,0,Low
2197-OMWGI,0.16005604888010627,0,Low
4578-PHJYZ,0.15954929051485608,0,Low
9500-IWPXQ,0.1593531337555973,0,Low
7508-KBIMB,0.15927804785376554,0,Low
4547-FZJWE,0.15927441880379103,0,Low
2680-XKKNJ,0.158950014483148,0,Low
6559-ILWKJ,0.1587422859134877,0,Low
5055-BRMNE,0.15860480345716246,0,Low
9309-BZGNT,0.1583348329589289,0,Low
2775-SEFEE,0.15814543735093486,0,Low
2364-UFROM,0.15792445473763017,0,Low
3115-JPJDD,0.157812084871211,0,Low
6034-ZRYCV,0.1576074398650893,0,Low
2834-JKOOW,0.1576022137240915,0,Low
7029-IJEJK,0.15756916660938652,0,Low
1371-DWPAZ,0.1575432767155985,0,Low
6147-CBCRA,0.15720656665224297,0,Low
9702-AIUJO,0.15699100929335916,0,Low
3374-PZLXD,0.15677422198339347,0,Low
3551-GAEGL,0.1564685491175125,0,Low
1623-NLDOT,0.15634889776998542,0,Low
1696-HXOWK,0.15618569556638745,0,Low
4304-TSPVK,0.15617255227096588,0,Low
2144-ESWKO,0.15614449800375396,0,Low
4884-TVUQF,0.1561205607049065,0,Low
1226-JZNKR,0.15592718885629087,0,Low
7765-LWVVH,0.15559608429126423,0,Low
1032-MAELW,0.15526523244777773,0,Low
7244-QWYHG,0.15504435369650085,0,Low
7566-DSRLQ,0.15478075034179034,0,Low
7407-SUJIZ,0.15471536576825853,0,Low
7711-YIJWC,0.15466415687896523,0,Low
8668-KNZTI,0.1546563842706014,0,Low
6440-DKQGE,0.15463430495211392,0,Low
9860-LISIZ,0.1544394328038568,0,Low
5701-GUXDC,0.15434285687822108,0,Low
8189-DUKMV,0.15429249093812042,0,Low
0727-BNRLG,0.15426112307742718,0,Low
8226-BXGES,0.15419504420140423,0,Low
2890-WFBHU,0.15379307854903165,0,Low
3882-IYOIJ,0.15376687331746813,0,Low
4393-GEADV,0.15363906778539194,0,Low
9931-DCEZH,0.15350866947877834,0,Low
1552-TKMXS,0.15344979708038423,0,Low
5825-XJOCM,0.1533823613381342,0,Low
9359-UGBTK,0.15333882006549934,0,Low
3487-EARAT,0.15321914057523275,0,Low
0254-KCJGT,0.15319622268158684,0,Low
6598-KELSS,0.15313693979734222,0,Low
2434-EEVDB,0.15311467949723273,0,Low
0106-UGRDO,0.15263465652872332,0,Low
7017-VFHAY,0.15241304433877528,0,Low
0661-WCQNQ,0.15234745405796024,0,Low
1492-KGETH,0.15230201688456643,0,Low
7325-ENZFI,0.15228550453043982,0,Low
6893-ODYYE,0.1522835108631698,0,Low
3244-CQPHU,0.15222187392451397,0,Low
0980-FEXWF,0.1519598593856063,0,Low
0401-WDBXM,0.1517553618383899,0,Low
5073-RZGBK,0.1516811450971593,0,Low
6481-LXPWL,0.15158958375441062,0,Low
9750-BOOHV,0.1514814001427244,0,Low
8782-NUUOL,0.15144814335259352,0,Low
6295-OSINB,0.15125824400066606,0,Low
1834-ABKHQ,0.15118995357505266,0,Low
8348-JLBUG,0.15089824662052476,0,Low
3315-IKYZQ,0.1508451710250987,0,Low
5297-MDOIR,0.15083444385552386,0,Low
8085-MSNLK,0.15055745232278556,0,Low
0657-DOGUM,0.15044171573591295,0,Low
6016-LVTJQ,0.1503811398096607,0,Low
9313-QOLTZ,0.15037294894536518,0,Low
1402-PTHGN,0.15036782059317283,0,Low
5777-ZPQNC,0.15025305528895033,0,Low
0756-MPZRL,0.15010792940489645,0,Low
6869-FGJJC,0.1500165945356985,0,Low
5260-UMPWX,0.14994964009222972,0,Low
1320-GVNHT,0.14991232127294876,0,Low
0742-LAFQK,0.1496901199411935,0,Low
4115-UMJFQ,0.14958360024272743,0,Low
0197-PNKNK,0.14953678526193423,0,Low
3340-QBBFM,0.14931623762213944,0,Low
1552-CZCLL,0.1491260054165308,0,Low
2073-QBVBI,0.1485967668106151,0,Low
1498-DQNRX,0.14855484063393484,0,Low
7710-JSYOA,0.14812239299722194,0,Low
6211-WWLTF,0.14788448723904735,0,Low
4877-TSOFF,0.1476157502262978,0,Low
3043-SUDUA,0.1475016341233417,0,Low
0310-SUCIN,0.14718265924804286,0,Low
0020-INWCK,0.14715873045893588,0,Low
0536-ACXIP,0.14711266927649236,0,Low
9184-GALIL,0.14707647839719667,0,Low
1325-USMEC,0.14707300635057477,0,Low
1162-ECVII,0.1470452250595144,0,Low
0083-PIVIK,0.1470325930189313,0,Low
4114-QMKVN,0.1470237698950395,0,Low
0536-BGFMZ,0.1469811879801027,0,Low
1088-CNNKB,0.14687052121362454,0,Low
6047-SUHPR,0.1467891595995077,0,Low
2361-UPSND,0.14673138353414775,0,Low
0074-HDKDG,0.1466942082770993,0,Low
5304-EFJLP,0.14659589083423194,0,Low
2361-FJWNO,0.14657341238133437,0,Low
4636-OLWOE,0.1463573656273192,0,Low
5855-EIBDE,0.1462617764087245,0,Low
8690-UPCZI,0.14622663920250412,0,Low
8869-TORSS,0.14616121015278516,0,Low
1929-ZCBHE,0.14605768219918275,0,Low
9845-PEEKO,0.14605407273182547,0,Low
2667-WYLWJ,0.14580232315497668,0,Low
0392-BZIUW,0.1456633633439866,0,Low
9522-ZSINC,0.14561875434752675,0,Low
2469-DTSGX,0.1454885976822776,0,Low
8898-KASCD,0.1453293446649182,0,Low
3530-VWVGU,0.14518484931321973,0,Low
1090-ESELR,0.1451278813938756,0,Low
0872-CASZJ,0.145039443927869,0,Low
5062-CJJKH,0.144879212794433,0,Low
0203-HHYIJ,0.14479877475120317,0,Low
5186-PEIZU,0.14479293805877536,0,Low
3957-HHLMR,0.1446274244557104,0,Low
0530-IJVDB,0.14440321071351178,0,Low
9330-DHBFL,0.14413781532413,0,Low
6419-ZTTLE,0.1440752037062254,0,Low
6435-VWCCY,0.14367780000334418,0,Low
0946-FKYTX,0.1432107709510462,0,Low
5961-VUSRV,0.14319416712950667,0,Low
5671-RQRLP,0.1430607939916403,0,Low
9558-IHEZX,0.1429931147027193,0,Low
7691-XVTZH,0.14249406352687766,0,Low
9046-JBFWA,0.1424166322692364,0,Low
5149-QYTTU,0.14234786579613817,0,Low
2453-SAFNS,0.1420589599738316,0,Low
0572-ZJKLT,0.14204120523231129,0,Low
0661-KQHNK,0.14179132782455714,0,Low
9720-JJJOR,0.14142441580501508,0,Low
2085-JVGAD,0.14134189199687633,0,Low
8883-GRDWQ,0.1412579639775422,0,Low
7636-PEPNS,0.1411280022551284,0,Low
6519-ZHPXP,0.14078392241613655,0,Low
9959-WOFKT,0.14040308604593418,0,Low
2495-TTHBQ,0.14005071223805216,0,Low
4942-VZZOM,0.13989369399658438,0,Low
9473-CBZOP,0.13975072478449202,0,Low
1544-JJMYL,0.13950460007880125,0,Low
3392-EHMNK,0.1394540642831937,0,Low
2348-KCJLT,0.13917685316534883,0,Low
3518-FSTWG,0.1391557392419866,0,Low
7472-EQOAV,0.13904371852827863,0,Low
5844-QVTAT,0.13890220873829182,0,Low
1298-PHBTI,0.13879085031285776,0,Low
1841-YSJGV,0.13873267534172787,0,Low
1222-KJNZD,0.1387125934876743,0,Low
9152-AMKAK,0.13835324941425048,0,Low
8328-SKJNO,0.13808605629454598,0,Low
2511-MORQY,0.13789632006090002,0,Low
2550-AEVRU,0.13777830494326232,0,Low
9570-KYEUA,0.13772744644676876,0,Low
8760-ZRHKE,0.137612363367846,0,Low
1599-MMYRQ,0.13726707823712653,0,Low
7005-CYUIL,0.13714056338570063,0,Low
9705-ZJBCG,0.13710139990898576,0,Low
7338-ERIVA,0.13706699145874318,0,Low
8075-GXIUB,0.13689286839941983,0,Low
4086-ATNFV,0.13689144438215167,0,Low
8259-DZLIZ,0.13686410103021923,0,Low
9498-FIMXL,0.13661627091501372,0,Low
3585-YNADK,0.13657988485505582,0,Low
0743-HNPFG,0.13655439558987562,0,Low
6543-JXSOO,0.1364738550268335,0,Low
4560-WQAQW,0.13642116708090268,0,Low
2926-JEJJC,0.13626101790369838,0,Low
5619-XZZKR,0.13594691928333769,0,Low
0907-HQNTS,0.13579414895461914,0,Low
8109-YUOHE,0.1356434476826085,0,Low
0320-DWVTU,0.13553037459337616,0,Low
6114-TCFID,0.13542545550205706,0,Low
9467-ROOLM,0.13540494948634874,0,Low
5414-OFQCB,0.1353262546793224,0,Low
8777-PVYGU,0.1352295365662272,0,Low
2499-AJYUA,0.13489654839364218,0,Low
9589-ABEPT,0.13466231651498653,0,Low
1832-PEUTS,0.13456207681136903,0,Low
0357-NVCRI,0.13440477139155463,0,Low
5965-GGPRW,0.13398678754965176,0,Low
6252-DFGTK,0.1339023098075187,0,Low
3823-KYNQY,0.13389458038940877,0,Low
2790-XUYMV,0.1338308394278238,0,Low
9670-BPNXF,0.13370236935646326,0,Low
3739-YBWAB,0.1336047294018472,0,Low
2809-ILCYT,0.13333893992878057,0,Low
9000-PLFUZ,0.13310814515110106,0,Low
4667-QONEA,0.1330610658313377,0,Low
5716-EZXZN,0.13286403366923524,0,Low
3635-JBPSG,0.132834265176501,0,Low
5789-LDFXO,0.1327517041119762,0,Low
4137-JOPHL,0.1326683582895386,0,Low
7762-ONLJY,0.1322765025447576,0,Low
3926-YZVVX,0.13226142042088887,0,Low
0323-XWWTN,0.13192432895314923,0,Low
2862-JVEOY,0.13189988660559449,0,Low
4957-TIALW,0.13181455280973264,0,Low
9127-QRZMH,0.1317700808072217,0,Low
2225-ZRGSG,0.13170147742152197,0,Low
9987-LUTYD,0.13168591201156016,0,Low
4815-TUMEQ,0.13118105925933457,0,Low
4057-FKCZK,0.13099031968726263,0,Low
3800-LYTRK,0.13088920586835728,0,Low
4565-EVZMJ,0.130764983075378,0,Low
6229-UOLQL,0.1305981457571582,0,Low
1154-HYWWO,0.13053988329378263,0,Low
8752-IMQOS,0.1304413037547152,0,Low
2368-GAKKQ,0.13042744905492284,0,Low
8879-XUAHX,0.13041864449020746,0,Low
4890-VMUAV,0.13035588354897384,0,Low
7269-JISCY,0.13026168509879174,0,Low
8984-HPEMB,0.1301804384248911,0,Low
7995-ZHHNZ,0.1301000626942064,0,Low
7110-BDTWG,0.1300160995506288,0,Low
2027-DNKIV,0.13000641685003128,0,Low
7435-ZNUYY,0.12990725293172667,0,Low
1930-QPBVZ,0.12990471751011803,0,Low
9777-IQHWP,0.1295274552497249,0,Low
4403-BWPAY,0.12948988413900286,0,Low
6556-DBKZF,0.12936569116104962,0,Low
0956-SYCWG,0.1289156909224765,0,Low
4032-RMHCI,0.12871456835896417,0,Low
5256-SKJGO,0.12861355360758436,0,Low
6061-GWWAV,0.12861127760963842,0,Low
7945-HLKEA,0.12829721143671996,0,Low
1038-ZAGBI,0.12819772424548187,0,Low
8853-TZDGH,0.127831810579493,0,Low
0621-JFHOL,0.12772930220736115,0,Low
2239-CGBUZ,0.12757239143740023,0,Low
5170-PTRKA,0.12748234940388872,0,Low
8166-ZZTFS,0.12746919105901022,0,Low
6461-PPAXN,0.12721156519759064,0,Low
6374-NTQLP,0.1271310180420223,0,Low
3134-DSHVC,0.12712869660934176,0,Low
3795-CAWEX,0.1270508669942849,0,Low
1430-SFQSA,0.12681194613835955,0,Low
0895-LNKRC,0.12679325359628016,0,Low
7255-SSFBC,0.12673654758379757,0,Low
8309-PPCED,0.12653730714689188,0,Low
3146-JTQHR,0.1264570382836243,0,Low
6736-DHUQI,0.1263708021176614,0,Low
1680-VDCWW,0.12632011003464325,0,Low
8292-FRFZQ,0.1262162743018077,0,Low
2200-DSAAL,0.1261709184688894,0,Low
0810-DHDBD,0.12614021589771013,0,Low
6670-MFRPK,0.1260131749219026,0,Low
7758-UJWYS,0.1259661407074514,0,Low
1291-CUOCY,0.12595351346388506,0,Low
7801-CEDNV,0.1259517281444899,0,Low
5110-CHOPY,0.1259036608324448,0,Low
4203-QGNZA,0.1259010267277519,0,Low
7375-WMVMT,0.12582223501083603,0,Low
7089-RKVSZ,0.12556043746149614,0,Low
1051-EQPZR,0.12547177467275292,0,Low
4227-OJHAL,0.12537971251966476,0,Low
1053-MXTTK,0.1252952044525313,0,Low
9924-JPRMC,0.12524465524821365,0,Low
7795-CFOCW,0.1251574264483008,0,Low
4318-RAJVY,0.12505574751424664,0,Low
6194-HBGQN,0.12504811731702242,0,Low
8570-KLJYJ,0.12496168812011946,0,Low
4803-LBYPN,0.12493774768238697,0,Low
8595-SIZNC,0.124499514772064,0,Low
8659-IOOPU,0.12441188170013792,0,Low
7247-XOZPB,0.12412410575519958,0,Low
2710-WYVXG,0.12367536386971295,0,Low
6121-TNHBO,0.12355231459607992,0,Low
9830-ECLEN,0.12349898972829379,0,Low
0617-AQNWT,0.12345586002105319,0,Low
3401-URHDA,0.12311305434792101,0,Low
7730-CLDSV,0.12293279387690262,0,Low
8461-EFQYM,0.1229326304818936,0,Low
5199-FPUSP,0.12274872372378344,0,Low
2521-NPUZR,0.12270326312562141,0,Low
3372-CDXFJ,0.12263011453997652,0,Low
6195-MELTI,0.12259220116505773,0,Low
6810-VCAEX,0.12258941457614456,0,Low
0164-APGRB,0.12248857710057759,0,Low
5127-BZENZ,0.12229693723432025,0,Low
1760-CAZHT,0.12227213767444697,0,Low
2878-RMWXY,0.12219399016462415,0,Low
3605-JISKB,0.12161743779815767,0,Low
8263-QMNTJ,0.12134739940245415,0,Low
4355-HBJHH,0.12126089340290563,0,Low
1752-OZXFY,0.12104502460974642,0,Low
3569-VLDHH,0.12091665456570794,0,Low
4342-HFXWS,0.12090195962907076,0,Low
8745-PVESG,0.12065524682787457,0,Low
3506-OVLKD,0.12032311293683366,0,Low
5820-PTRYM,0.12030108382947015,0,Low
3580-HYCSP,0.12022034007135592,0,Low
2599-CIPQE,0.12015706987767776,0,Low
0221-NAUXK,0.12015411308887994,0,Low
2039-JONDJ,0.12005345357044958,0,Low
3258-SYSWS,0.11991676668128075,0,Low
5453-YBTWV,0.11977793444344886,0,Low
5995-WWKKG,0.11977412283160067,0,Low
5214-NLTIT,0.11976553796572888,0,Low
2282-YGNOR,0.11955850377195978,0,Low
7971-HLVXI,0.11949075335546284,0,Low
0104-PPXDV,0.1191878532951253,0,Low
8332-OSJDW,0.11899765346527105,0,Low
3705-PSNGL,0.11887616783083937,0,Low
3727-OWVYD,0.11879849431754044,0,Low
7771-ZONAT,0.11876993356451102,0,Low
7677-SJJJK,0.11874944698850018,0,Low
8184-WMOFI,0.11868981462088415,0,Low
3908-MKIMJ,0.1185006039907106,0,Low
6064-PUPMC,0.1184949857452452,0,Low
9906-NHHVC,0.11847972688834355,0,Low
0121-SNYRK,0.11832272820600385,0,Low
3396-DKDEL,0.1178962099302503,0,Low
0248-PGHBZ,0.11771399886338121,0,Low
7581-EBBOU,0.11727340970770439,0,Low
3259-KNMRR,0.11724680425480953,0,Low
9220-ZNKJI,0.1171217498723871,0,Low
8311-UEUAB,0.1168758409956396,0,Low
9127-FHJBZ,0.11678727224581253,0,Low
2190-PHBHR,0.11676375166090897,0,Low
6551-ZCOTS,0.11661553783253463,0,Low
1915-OAKWD,0.11652419836654226,0,Low
4909-JOUPP,0.1164303949525588,0,Low
2664-XJZNO,0.11623394782455695,0,Low
6827-IEAUQ,0.11615448522017441,0,Low
8631-XVRZL,0.11593258718666169,0,Low
8024-XNAFQ,0.11563549954552024,0,Low
4530-NDRKU,0.11553375135929148,0,Low
0813-TAXXS,0.1154034800878127,0,Low
9350-ZXYJC,0.1153565684377939,0,Low
1303-SRDOK,0.11534306793803722,0,Low
1763-KUAAW,0.11529802711348315,0,Low
7103-ZGVNT,0.11526558563472464,0,Low
8823-RLPWL,0.11524590927721376,0,Low
4702-HDRKD,0.11514994897451955,0,Low
9866-OCCKE,0.11481082304838164,0,Low
0967-BMLBD,0.11479428098156692,0,Low
8015-IHCGW,0.11471794666728939,0,Low
4707-YNOQA,0.11471010546579669,0,Low
2606-PKWJB,0.1146886951131388,0,Low
2673-ZALNP,0.11453070391039846,0,Low
9442-JTWDL,0.11446907862190321,0,Low
2550-QHZGP,0.11422581183335506,0,Low
0023-UYUPN,0.11419389592334298,0,Low
7353-YOWFP,0.11418319688267585,0,Low
4999-IEZLT,0.11394624908478647,0,Low
5906-DVAPM,0.11392460020923001,0,Low
8639-NHQEI,0.11385442944711668,0,Low
3397-AVTKU,0.11371599642890455,0,Low
3566-CAAYU,0.11340819005045105,0,Low
8029-XYPWT,0.11336662091904541,0,Low
7929-SKFGK,0.1133646682741154,0,Low
1830-GGFNM,0.11329872528872148,0,Low
9610-WCESF,0.11311066344639593,0,Low
6924-TDGMT,0.1127329240599682,0,Low
4597-ELFTS,0.11272436903585492,0,Low
5993-BQHEA,0.11266337694132894,0,Low
2351-RRBUE,0.11259352199806344,0,Low
3831-YCPUO,0.11258668762709995,0,Low
5245-VDBUR,0.11246648479060065,0,Low
6614-FHDBO,0.11225755824881456,0,Low
8573-JGCZW,0.1121252953517823,0,Low
2984-TBYKU,0.11207757288274317,0,Low
4549-ZDQYY,0.11186917098708807,0,Low
0619-OLYUR,0.11180386527388557,0,Low
5575-GNVDE,0.11178170719229075,0,Low
4291-YZODP,0.11168910636715645,0,Low
9351-HXDMR,0.11163194554254954,0,Low
7670-ZBPOQ,0.11145161590343672,0,Low
1952-DVVSW,0.1112260678298132,0,Low
8883-ANODQ,0.11116617626105214,0,Low
8469-SNFFH,0.11074974521268689,0,Low
0993-OSGPT,0.11074600815351121,0,Low
6242-FEGFD,0.1105399459563828,0,Low
8265-HKSOW,0.11043845085763895,0,Low
5668-MEISB,0.11041416129580547,0,Low
7816-VGHTO,0.11021349211985064,0,Low
4537-CIBHB,0.11010870601147343,0,Low
0454-OKRCT,0.1099269987878884,0,Low
2188-SXWVT,0.1094285647487935,0,Low
3887-PBQAO,0.1094188590873406,0,Low
1839-UMACK,0.10927092926774866,0,Low
5498-IBWPI,0.10923650517948794,0,Low
5602-BVFMK,0.10903902670551652,0,Low
3750-YHRYO,0.10895887657603198,0,Low
4922-CVPDX,0.10877062006664773,0,Low
8672-OAUPW,0.10876153458518345,0,Low
3213-VVOLG,0.1085101756335573,0,Low
4367-NUYAO,0.10843954292018321,0,Low
7665-VIGUD,0.10805940736268617,0,Low
8084-OIVBS,0.10800186698873285,0,Low
3082-WQRVY,0.10794733838762854,0,Low
0019-EFAEP,0.10792649941798615,0,Low
8076-FEZKJ,0.10782873892758303,0,Low
1480-BKXGA,0.1077852276624146,0,Low
3021-VLNRJ,0.10764475159299064,0,Low
1015-JPFYW,0.10746954092036692,0,Low
9070-BCKQP,0.1074259025085405,0,Low
1429-UYJSV,0.10742358986979432,0,Low
6904-JLBGY,0.10741173506934876,0,Low
3422-WJOYD,0.10723634210143099,0,Low
4451-RWASJ,0.10695330657468388,0,Low
0013-SMEOE,0.10694378308076571,0,Low
2388-LAESQ,0.10692695255455414,0,Low
5989-AXPUC,0.10689066851030934,0,Low
7649-PHJVR,0.10685834394901403,0,Low
3423-HHXAO,0.10681863161107524,0,Low
3482-ABPKK,0.10681717063906837,0,Low
1779-PWPMG,0.10671581755752357,0,Low
5172-RKOCB,0.10658520263637965,0,Low
7602-MVRMB,0.10638842062804696,0,Low
3230-JCNZS,0.10633515157686246,0,Low
0788-DXBFY,0.10626007168438958,0,Low
6584-VQMYT,0.10621184501027625,0,Low
4111-BNXIF,0.1061287964072179,0,Low
6693-DJWTY,0.1060415833236125,0,Low
2725-IWWBA,0.10602522684942271,0,Low
1131-ALZWV,0.10600361311322079,0,Low
1455-HFBXA,0.10586233633533407,0,Low
2137-DQMEV,0.1058087285914115,0,Low
8809-XKHMD,0.10573289207051398,0,Low
8313-AFGBW,0.10564424352688992,0,Low
2907-ILJBN,0.1054687509637203,0,Low
4854-SSLTN,0.10529083860525607,0,Low
3724-BSCVH,0.10512752544112342,0,Low
4872-VXRIL,0.10499649847143155,0,Low
3259-QMXUN,0.10486950800785494,0,Low
6176-YJWAS,0.10481106479030244,0,Low
2703-AMTUL,0.10463897697285514,0,Low
7319-ZNRTR,0.10452813407925182,0,Low
6332-FBZRI,0.10447541163716087,0,Low
1534-OULXE,0.10435977073162334,0,Low
0334-ZFJSR,0.10435304317705926,0,Low
2192-CKRLV,0.10425660769605359,0,Low
5387-ASZNZ,0.10416891603154589,0,Low
4425-OWHWB,0.10389391288237201,0,Low
8746-BFOAJ,0.10363443725613447,0,Low
9483-GCPWE,0.10361794417833996,0,Low
1069-QJOEE,0.10360930326583738,0,Low
3655-SNQYZ,0.10346436827598496,0,Low
5451-YHYPW,0.10342030541537583,0,Low
8628-MFKAX,0.10339329015998008,0,Low
8331-ZXFOE,0.10330819725705817,0,Low
1265-HVPZB,0.10317249484247915,0,Low
0230-UBYPQ,0.10311493423994855,0,Low
6872-HXFNF,0.1026717119233106,0,Low
3280-MRDOF,0.10264045888771739,0,Low
1139-WUOAH,0.10262761497561282,0,Low
9229-RQABD,0.10255467466974419,0,Low
4933-IKULF,0.10255295669705454,0,Low
3841-NFECX,0.10238889836253724,0,Low
1063-DHQJF,0.10230367368202109,0,Low
6510-UPNKS,0.1022815258948555,0,Low
7817-OMJNA,0.1021917667084802,0,Low
7191-ADRGF,0.10215308540316671,0,Low
2380-DAMQP,0.10214087932822291,0,Low
8975-SKGRX,0.10207158650213292,0,Low
5762-TJXGK,0.10194698947439572,0,Low
3547-LQRIK,0.10184412623452309,0,Low
6919-ELBGL,0.10181021363660081,0,Low
3489-VSFRD,0.10169890622664562,0,Low
9581-GVBXT,0.10132698013673586,0,Low
9174-IHETN,0.10103034332188052,0,Low
1936-CZAKF,0.10099276428298765,0,Low
6746-WAUWT,0.10092074134218716,0,Low
5125-CNDSP,0.10078234211076337,0,Low
1937-OTUKY,0.1006941201032038,0,Low
4616-EWBNJ,0.10050408519948713,0,Low
0516-VRYBW,0.10049617175512451,0,Low
7030-FZTFM,0.10048546245057913,0,Low
0895-UADGO,0.10043204794549324,0,Low
9880-TDQAC,0.10042123170077147,0,Low
1043-UXOVO,0.09986504918664278,0,Low
5327-XOKKY,0.09981448795907027,0,Low
2682-KEVRP,0.09977366036213395,0,Low
0731-EBJQB,0.0997347091303703,0,Low
5641-DMBFJ,0.09958656511762114,0,Low
5135-GRQJV,0.09948093594636129,0,Low
5982-PSMKW,0.09945975090372466,0,Low
8958-JPTRR,0.09942179652583161,0,Low
8606-CIQUL,0.09932804307019409,0,Low
0254-WWRKD,0.09931309442358406,0,Low
6726-NNFWD,0.09926194656355992,0,Low
9470-YFUYI,0.09912995279101786,0,Low
4825-XJGDM,0.09894185568482336,0,Low
7279-NMVJC,0.09891762979801594,0,Low
6094-ZIVKX,0.0987384459513542,0,Low
8559-WNQZS,0.09858000128993799,0,Low
6950-TWMYB,0.09844667179171357,0,Low
8434-PNQZX,0.09840252452653217,0,Low
9995-HOTOH,0.09823697033301704,0,Low
4526-RMTLL,0.09823251423228418,0,Low
2223-GDSHL,0.09810991785620608,0,Low
3133-PZNSR,0.09803349606917611,0,Low
4163-HFTUK,0.09800008544442902,0,Low
3726-TBHQT,0.0979938307314468,0,Low
0378-XSZPU,0.09783651700773115,0,Low
4709-LKHYG,0.09778711981371194,0,Low
4056-QHXHZ,0.09775522026238129,0,Low
5512-IDZEI,0.0977174849081178,0,Low
9066-QRSDU,0.09768573785753135,0,Low
9027-TMATR,0.0975929562260983,0,Low
3378-AJRAO,0.09744948235734982,0,Low
2057-BOYKM,0.09711209510310098,0,Low
5914-XRFQB,0.09699917320113835,0,Low
3963-RYFNS,0.09697887367081287,0,Low
8630-QSGXK,0.09669701557014491,0,Low
1177-XZBJL,0.09667890743281489,0,Low
6463-HHXJR,0.09660903392304948,0,Low
9297-FVVDH,0.09653276855500906,0,Low
7570-WELNY,0.09638643615933418,0,Low
7663-YJHSN,0.09622191259046546,0,Low
9968-FFVVH,0.09595476201941426,0,Low
0654-PQKDW,0.09594808883915629,0,Low
3178-CIFOT,0.09592628371693115,0,Low
3669-WHAFY,0.09582910413853571,0,Low
1122-YJBCS,0.09581981475961766,0,Low
6427-FEFIG,0.09568630869371705,0,Low
8884-MRNSU,0.09560970757411613,0,Low
0428-AXXLJ,0.0954721986196137,0,Low
3740-RLMVT,0.09525960154637855,0,Low
8232-CTLKO,0.0952065574197408,0,Low
7322-OCWHC,0.09511973848860913,0,Low
4859-ZSRDZ,0.09486236165445924,0,Low
9788-HNGUT,0.09471716559017135,0,Low
2580-ASVVY,0.09469593829723638,0,Low
9298-WGMRW,0.09468382659795453,0,Low
4024-CSNBY,0.09463374734033404,0,Low
0253-ZTEOB,0.09453060548857398,0,Low
5038-ETMLM,0.09447636493134534,0,Low
5183-KLYEM,0.0943603156272709,0,Low
9150-HEPMB,0.09422251365946724,0,Low
4513-CXYIX,0.09418712651163003,0,Low
9680-NIAUV,0.09409114573634245,0,Low
8174-TBVCF,0.09396151054732954,0,Low
6339-TBELP,0.09395700568903423,0,Low
0859-YGKFW,0.09385360625307798,0,Low
4685-TFLLS,0.09375912038787539,0,Low
7569-NMZYQ,0.09367911981232488,0,Low
1964-SVLEA,0.09360161332053721,0,Low
2878-DHMIN,0.0934574554644287,0,Low
9802-CAQUT,0.09338350614186958,0,Low
5781-BKHOP,0.09298267849750601,0,Low
9617-UDPEU,0.09291661403058273,0,Low
5546-QUERU,0.09288729661565093,0,Low
9541-PWTWO,0.09286837814182013,0,Low
2430-RRYUW,0.09277476189692783,0,Low
2245-ADZFJ,0.09276598046105489,0,Low
2091-GPPIQ,0.09270689894786419,0,Low
5862-BRIXZ,0.09262817961816336,0,Low
7153-CHRBV,0.09258955159682454,0,Low
5003-OKNNK,0.09242790687595603,0,Low
6727-IOTLZ,0.09233731771016927,0,Low
8871-JLMHM,0.0922922485960171,0,Low
3258-ZKPAI,0.09228180176946421,0,Low
9253-VIFJQ,0.09224390380434316,0,Low
8915-NNTRC,0.09217465473836921,0,Low
1904-WAJAA,0.09212729064084141,0,Low
2167-FQSTQ,0.09209721126497507,0,Low
8670-MEFCP,0.09208014483874274,0,Low
2592-HODOV,0.0920734339653756,0,Low
1452-UZOSF,0.09181381769087799,0,Low
6650-BWFRT,0.09158560655528174,0,Low
2121-JAFOM,0.0915518911217783,0,Low
1206-EHBDD,0.09149221424953048,0,Low
9530-GRMJG,0.09148938751955873,0,Low
6859-QNXIQ,0.09128169153616088,0,Low
1099-GODLO,0.09119893367640519,0,Low
9637-CDTKZ,0.0911909971796089,0,Low
6901-GOGZG,0.09112689098308047,0,Low
4584-LBNMK,0.09106615517516344,0,Low
0052-YNYOT,0.09102727541337208,0,Low
8106-GWQOK,0.09098903971911074,0,Low
7021-XSNYE,0.0909435325512587,0,Low
0042-JVWOJ,0.0908748651744676,0,Low
3810-DVDQQ,0.0908742699846936,0,Low
7644-OMVMY,0.09084666415040933,0,Low
6166-YIPFO,0.09068461897119787,0,Low
1352-HNSAW,0.09047592535506054,0,Low
6007-TCTST,0.0904076696060599,0,Low
1488-PBLJN,0.09039940462309703,0,Low
9239-GZHZE,0.09032933650409714,0,Low
0853-TWRVK,0.0903085043852466,0,Low
4378-BZYFP,0.09025959761109689,0,Low
6522-OIQSX,0.09013902662724363,0,Low
6765-MBQNU,0.09008009954047588,0,Low
0829-DDVLK,0.0900048256431821,0,Low
7073-QETQY,0.08988425341637352,0,Low
7973-DZRKH,0.08984841462261231,0,Low
0014-BMAQU,0.08984396927080222,0,Low
8727-XDPUD,0.08969125474176717,0,Low
4163-NCJAK,0.08961006230069025,0,Low
2520-SGTTA,0.0894181217214441,0,Low
0269-XFESX,0.08935593874100128,0,Low
6974-DAFLI,0.0893099510202095,0,Low
4311-QTTAI,0.08925536877204564,0,Low
8571-ZCMCX,0.08892722494400854,0,Low
6719-FGEDO,0.08880161303073993,0,Low
4293-ETKAP,0.08878926052135318,0,Low
3249-VHRIP,0.08849859553035452,0,Low
3520-FJGCV,0.08848426547852017,0,Low
3523-BRGUW,0.088358335256113,0,Low
6754-WKSHP,0.08831030626612546,0,Low
2387-KDZQY,0.08819683493630642,0,Low
1345-ZUKID,0.08804391650715038,0,Low
9928-BZVLZ,0.08798710411400963,0,Low
5324-KTGCG,0.08793258556401386,0,Low
6691-CCIHA,0.08791973895391614,0,Low
9225-BZLNZ,0.08781815841022939,0,Low
3474-BAFSJ,0.08774803360408011,0,Low
9055-MOJJJ,0.08767944903063815,0,Low
4359-INNWN,0.08759630647752703,0,Low
9891-NQDBD,0.08759103117362563,0,Low
9553-DLCLU,0.08758885472075888,0,Low
9926-PJHDQ,0.08755483457812269,0,Low
1407-DIGZV,0.08718797802554759,0,Low
4376-KFVRS,0.08706692655603464,0,Low
4632-XJMEX,0.08704022295709493,0,Low
6072-NUQCB,0.08702311779524514,0,Low
3892-NXAZG,0.08693443929672268,0,Low
0675-NCDYU,0.08668839096879784,0,Low
0266-GMEAO,0.08652558765926141,0,Low
9715-SBVSU,0.08647840616903771,0,Low
9845-QOMAD,0.08647759267452354,0,Low
1642-HMARX,0.08632858215814664,0,Low
3452-FLHYD,0.08616962181248691,0,Low
0017-IUDMW,0.08614482340056137,0,Low
0458-HEUZG,0.08607617471145546,0,Low
6685-GBWJZ,0.08604692366908756,0,Low
9541-ZPSEA,0.08594739768612666,0,Low
1022-RKXDR,0.08591742867113818,0,Low
2581-VKIRT,0.08590533927214136,0,Low
5039-LZRQT,0.08583601474418259,0,Low
6152-ONASV,0.08568029413022074,0,Low
3115-CZMZD,0.08565231031435092,0,Low
0277-ORXQS,0.08551569991002929,0,Low
9746-UGFAC,0.08547352777695502,0,Low
8050-XGRVL,0.08539180366991073,0,Low
6814-ZPWFQ,0.08527910145450553,0,Low
6234-RAAPL,0.08527160730151134,0,Low
0835-DUUIQ,0.08521053375961288,0,Low
1133-KXCGE,0.0851739633813458,0,Low
6508-NJYRO,0.08514840180981642,0,Low
1272-ILHFG,0.08513434568085246,0,Low
4323-ELYYB,0.08509019355649405,0,Low
7492-TAFJD,0.08503240197957851,0,Low
2788-CJQAQ,0.08493874618091124,0,Low
9621-OUPYD,0.08491885813737507,0,Low
8165-CBKXO,0.08486780780512534,0,Low
5321-NTRKC,0.0847908643630027,0,Low
2466-FCCPT,0.08464366747130883,0,Low
9531-NSBMR,0.08451437181613898,0,Low
9867-JCZSP,0.08442364371080432,0,Low
4717-GHADL,0.0843735371120341,0,Low
0804-YGEQV,0.08428646675835903,0,Low
3239-TPHPZ,0.08425466831500764,0,Low
8499-BRXTD,0.08422425677704709,0,Low
3308-JSGML,0.0840648433019715,0,Low
3721-CNZHX,0.08406451961640465,0,Low
8969-PRHFK,0.0839545361385423,0,Low
5795-BKOYE,0.08390147637269856,0,Low
1897-RCFUM,0.08381726295251225,0,Low
0487-CRLZF,0.08376890641877262,0,Low
9803-FTJCG,0.08376550193619739,0,Low
8670-ERCJH,0.08375630678161139,0,Low
0307-BCOPK,0.08370603028509432,0,Low
2650-GYRYL,0.08366113833330881,0,Low
9958-MEKUC,0.08365269405406409,0,Low
3243-ZHOHY,0.08357991169033822,0,Low
4178-EGMON,0.08357583082517267,0,Low
5917-RYRMG,0.08343679502740894,0,Low
8277-RVRSV,0.08337468475490226,0,Low
3161-ONRWK,0.08336499424808784,0,Low
9766-HGEDE,0.08328095944984096,0,Low
2000-DHJUY,0.08325706485532462,0,Low
7137-NAXML,0.08320243152794779,0,Low
2088-IEBAU,0.08317911546232112,0,Low
6013-BHCAW,0.08316086750754495,0,Low
5702-KVQRD,0.08310966387327941,0,Low
2580-ATZSQ,0.08304328706394024,0,Low
4664-NJCMS,0.08301066676271317,0,Low
3950-VPYJB,0.08297589001246122,0,Low
1960-UOTYM,0.08293716715186554,0,Low
3131-NWVFJ,0.0828527600508214,0,Low
6434-TTGJP,0.0827323470710115,0,Low
8966-OIQHG,0.08255366452714093,0,Low
9796-MVYXX,0.08253071435053319,0,Low
7609-NRNCA,0.08246470613200546,0,Low
5505-OVWQW,0.08244754069862152,0,Low
2676-SSLTO,0.08239093711990168,0,Low
5313-FPXWG,0.08238053421091736,0,Low
8580-QVLOC,0.08235862489576472,0,Low
0422-OHQHQ,0.08220468179827431,0,Low
1178-PZGAB,0.08207455965293445,0,Low
3556-BVQGL,0.08202883606624777,0,Low
0906-QVPMS,0.08180127333421984,0,Low
6388-TABGU,0.08168927762604063,0,Low
7173-TETGO,0.08155325872168331,0,Low
7037-MTYVW,0.0812346760633325,0,Low
9847-HNVGP,0.08118798658314791,0,Low
3508-CFVZL,0.08115428500719901,0,Low
6527-PZFPV,0.08114207534933374,0,Low
3082-YVEKW,0.08113930640415953,0,Low
7253-UVNDW,0.08095560615757674,0,Low
8454-AATJP,0.08094986708744083,0,Low
6754-LZUKA,0.08087305400861688,0,Low
3125-RAHBV,0.080850485520854,0,Low
5312-TSZVC,0.08081064793955567,0,Low
2324-AALNO,0.08079093058538384,0,Low
9534-NSXEM,0.08077547756254613,0,Low
5322-TEUJK,0.08075258897868248,0,Low
7369-TRPFD,0.08065870696031555,0,Low
2904-GGUAZ,0.08038361307327455,0,Low
1371-OJCEK,0.08038101242463486,0,Low
1401-FTHFQ,0.0803045860823284,0,Low
7452-FOLON,0.0803009957226287,0,Low
9347-AERRL,0.0801539247598341,0,Low
8513-OLYGY,0.079999219760544,0,Low
7244-KXYZN,0.07999351617988687,0,Low
8144-DGHXP,0.07995240326363516,0,Low
2193-SFWQW,0.07995027226532075,0,Low
0056-EPFBG,0.07989277913809825,0,Low
1930-BZLHI,0.07967909721759815,0,Low
5458-CQJTA,0.07958787455344223,0,Low
8819-WFGGJ,0.0793380367352127,0,Low
5397-NSKQG,0.07933340635596373,0,Low
5792-JALQC,0.079166867543746,0,Low
3067-SVMTC,0.07915986109894714,0,Low
0412-UCCNP,0.07912803847332864,0,Low
2040-LDIWQ,0.07906680964201487,0,Low
6016-NXBNJ,0.0788704935188998,0,Low
2332-TODQS,0.07880881268537988,0,Low
9028-LIHRP,0.07874212699283945,0,Low
7359-WWYJV,0.07872771688320676,0,Low
7359-SSBJK,0.07860581304444733,0,Low
9258-CNWAC,0.07848128604222537,0,Low
4750-UKWJK,0.07841066092532559,0,Low
2256-YLYLP,0.0783390266682203,0,Low
1265-BCFEO,0.07816045503953421,0,Low
8597-CTXVJ,0.07814549834129512,0,Low
2996-XAUVF,0.0781294851192759,0,Low
2829-HYVZP,0.07809933781740128,0,Low
9548-ZMVTX,0.07788960203127894,0,Low
8515-OCTJS,0.07772238890565894,0,Low
0942-KOWSM,0.07770089966938039,0,Low
0378-CJKPV,0.0776923007572384,0,Low
2516-XSJKX,0.07754939758894983,0,Low
2969-VAPYH,0.0773444959127692,0,Low
6532-YLWSI,0.07717416926934578,0,Low
8207-DMRVL,0.07716858453598019,0,Low
6100-FJZDG,0.07715112477098694,0,Low
8792-AOROI,0.07712069137681082,0,Low
2040-XBAVJ,0.07710704133664326,0,Low
9102-OXKFY,0.07706714108558702,0,Low
2863-IMQDR,0.0769977464216702,0,Low
7633-MVPUY,0.07696135576568934,0,Low
3812-LRZIR,0.07681986770116046,0,Low
8200-LGKSR,0.0768087032074254,0,Low
8510-BBWMU,0.07665593748215002,0,Low
3594-BDSOA,0.0765590761458664,0,Low
4115-BNPJY,0.07639060797082435,0,Low
4676-WLUHT,0.07635930251494527,0,Low
9675-ICXCT,0.07635500716154889,0,Low
4304-XUMGI,0.07634327167868912,0,Low
3653-NCRDJ,0.07629366592738436,0,Low
9739-JLPQJ,0.07612246220558949,0,Low
3400-ESFUW,0.07609545055130613,0,Low
7605-BDWDC,0.07608196372830062,0,Low
1333-PBMXB,0.0759617006267023,0,Low
6546-OPBBH,0.07586802887970104,0,Low
1498-NHTLT,0.07582691242016007,0,Low
2150-OEGBV,0.07573670433515245,0,Low
3410-YOQBQ,0.07563478200706916,0,Low
7501-IWUNG,0.07546394646940349,0,Low
6867-ACCZI,0.07545298674149631,0,Low
0455-ENTCR,0.07541221286760846,0,Low
7813-TKCVO,0.07538693834503701,0,Low
1431-AIDJQ,0.07537458941187161,0,Low
5847-MXBEO,0.07534201974441684,0,Low
8717-VCTXJ,0.0753388800722529,0,Low
3251-YMVWZ,0.07532955537426263,0,Low
1271-UODNO,0.07517177415902604,0,Low
8884-FEEWR,0.07517149242407659,0,Low
7639-LIAYI,0.07515870459089455,0,Low
4295-YURET,0.07509375318130086,0,Low
2320-TZRRH,0.07506818389322932,0,Low
4891-NLUBA,0.07505066550174797,0,Low
0707-HOVVN,0.0749727768216551,0,Low
8398-TBIYD,0.0749662401583005,0,Low
6516-NKQBO,0.07494054905950948,0,Low
5996-EBTKM,0.07488588786052819,0,Low
0536-ESJEP,0.07486290205040327,0,Low
0739-UUAJR,0.07485179115459983,0,Low
6437-UDQJM,0.07472940075029763,0,Low
1561-BWHIN,0.07449439739898067,0,Low
6061-PQHMK,0.07438053372508993,0,Low
3549-ZTMNH,0.07435418519875156,0,Low
5893-PYOLZ,0.07432227956965307,0,Low
5474-LAMUQ,0.07428845722873323,0,Low
5126-RCXYW,0.07412009301352945,0,Low
5918-VUKWP,0.07410110043152589,0,Low
7025-WCBNE,0.07408007800767231,0,Low
0604-THJFP,0.07406094222084281,0,Low
6447-EGDIV,0.07403265848561637,0,Low
1813-JYWTO,0.07402628283513264,0,Low
6504-VBLFL,0.07393949103959907,0,Low
6898-RBTLU,0.07381615288332428,0,Low
6479-OAUSD,0.07377508772583062,0,Low
8763-KIAFH,0.07377239321552367,0,Low
2277-AXSDC,0.07362011256187942,0,Low
8748-HFWBO,0.07355829511155243,0,Low
4092-OFQZS,0.07348967969001878,0,Low
9919-FZDED,0.07345868314447088,0,Low
4893-GYUJU,0.07345679364284836,0,Low
1023-BQXZE,0.07344574796602135,0,Low
8197-BFWVU,0.07342123866062711,0,Low
4980-URKXC,0.07341124697323699,0,Low
5684-FJVYR,0.07338622265138796,0,Low
5196-WPYOW,0.07337923310093304,0,Low
7622-FWGEW,0.07329413289221205,0,Low
8022-BECSI,0.07304337097320523,0,Low
7446-SFAOA,0.07299066649096779,0,Low
3745-HRPHI,0.07296164237520437,0,Low
2933-XEUJM,0.07293135154830968,0,Low
8512-WIWYV,0.07291357459664952,0,Low
3935-TBRZZ,0.07275927251478514,0,Low
8779-YIQQA,0.07269619535699987,0,Low
8208-EUMTE,0.07267386289266128,0,Low
6120-RJKLU,0.07261916595875759,0,Low
1776-SPBWV,0.07261333847042822,0,Low
9018-PCIOK,0.07255759999576886,0,Low
2030-BTZRO,0.07252428134130764,0,Low
8194-PEEBY,0.07243094195489297,0,Low
4751-ERMAN,0.072395846546518,0,Low
1757-TCATG,0.07238756969133472,0,Low
1414-YADCW,0.07224841489907036,0,Low
9560-BBZXK,0.07217647527461035,0,Low
1525-LNLOJ,0.07208293273086061,0,Low
8612-GXIDD,0.07207490231944,0,Low
6188-UXBBR,0.07206223240797179,0,Low
3778-FOAQW,0.07205056087350441,0,Low
7061-OVMIM,0.07203391398640782,0,Low
0757-WCUUZ,0.07196183605264218,0,Low
2126-GSEGL,0.07188640082639133,0,Low
3174-AKMAS,0.07181869511029647,0,Low
4795-UXVCJ,0.07181127843144124,0,Low
7564-GHCVB,0.07170229107964501,0,Low
2812-REYAT,0.07156811787607179,0,Low
5451-MHQOF,0.07155847408548438,0,Low
1568-LJSZU,0.07143514964026115,0,Low
4538-WNTMJ,0.07142381617405817,0,Low
8169-SAEJD,0.07141801442930809,0,Low
6701-DHKWQ,0.07119926174274416,0,Low
0567-XRHCU,0.07118425512888038,0,Low
8414-OOEEL,0.07118246864832103,0,Low
5214-CHIWJ,0.07106019169545658,0,Low
1682-VCOIO,0.07098464131229368,0,Low
1293-HHSHJ,0.07081271525390398,0,Low
6586-MYGKD,0.07080791284869957,0,Low
4121-AGSIN,0.07074048456677726,0,Low
6823-SIDFQ,0.07069752076878497,0,Low
0048-PIHNL,0.07056176724059653,0,Low
2749-CTKAJ,0.0705312724994728,0,Low
0979-MOZQI,0.07052559753135186,0,Low
2661-GKBTK,0.07046052440994496,0,Low
4632-PAOYU,0.07038954984991648,0,Low
1872-EBWSC,0.07038291276579979,0,Low
4615-PIVVU,0.0703563481356615,0,Low
5876-QMYLD,0.07035259772937547,0,Low
9885-MFVSU,0.07009168869187882,0,Low
5394-MEITZ,0.06998221887576715,0,Low
2404-JIBFC,0.06997548576483423,0,Low
3982-JGSFD,0.06990383553400892,0,Low
2302-OUZXB,0.06989005883665067,0,Low
0244-LGNFY,0.06979067017443111,0,Low
8510-TMWYB,0.06974944998215585,0,Low
1439-LCGVL,0.06964686870372278,0,Low
8631-NBHFZ,0.06959976025179775,0,Low
6772-WFQRD,0.0695587130182424,0,Low
1699-UOTXU,0.06932881147831951,0,Low
4737-HOBAX,0.06920689850669473,0,Low
8327-WKMIE,0.06918820652494297,0,Low
6082-OQFBA,0.06910019200046942,0,Low
8645-KOMJQ,0.06907500489490476,0,Low
2351-BKRZW,0.06888336350847245,0,Low
9227-YBAXE,0.06885922581438746,0,Low
5642-MHDQT,0.0688051943341797,0,Low
2400-XIWIO,0.0687516063430808,0,Low
9447-YPTBX,0.0687064595221698,0,Low
9361-YNQWJ,0.06866884984335515,0,Low
0219-QAERP,0.06860272076965865,0,Low
0129-QMPDR,0.06857808513845581,0,Low
0298-XACET,0.06853652377819636,0,Low
1834-WULEG,0.06852770674328329,0,Low
9565-FLVCG,0.06850087283566006,0,Low
7305-ZWMAJ,0.06849232181135315,0,Low
6371-NZYEG,0.06839238548403387,0,Low
3985-HOYPM,0.06837189896326687,0,Low
2773-MADBQ,0.0683386429245931,0,Low
0795-LAFGP,0.06832937290699846,0,Low
1998-VHJHK,0.06810650864557946,0,Low
6963-EZQEE,0.06810565088226547,0,Low
9805-FILKB,0.06804974352825773,0,Low
6223-DHJGV,0.06795837280807138,0,Low
3779-OSWCF,0.06784534843960865,0,Low
1686-STUHN,0.06761169899902575,0,Low
0078-XZMHT,0.06760871069859935,0,Low
9489-DEDVP,0.06758444944239918,0,Low
0945-TSONX,0.06753240604167016,0,Low
5197-LQXXH,0.06736065217359943,0,Low
9194-GFVOI,0.06726940451855676,0,Low
2753-JMMCV,0.06726159177761218,0,Low
0784-GTUUK,0.06720858426215065,0,Low
3911-RSNHI,0.06716609422840628,0,Low
7632-YUTXB,0.06711452070597108,0,Low
5318-YKDPV,0.06706167871466082,0,Low
2274-XUATA,0.06705830868914339,0,Low
4716-MRVEN,0.06705788848355633,0,Low
9073-ZZIAY,0.06705303241362034,0,Low
9801-NOSHQ,0.06703751277595299,0,Low
4500-HKANN,0.06695305723356794,0,Low
7297-DVYGA,0.06692435547566497,0,Low
3283-WCWXT,0.06689907515605283,0,Low
5177-RVZNU,0.06689472660487406,0,Low
7771-CFQRQ,0.06688851902156139,0,Low
5248-KWLAR,0.0668498583730609,0,Low
6248-TKCQV,0.06678961757117809,0,Low
7503-MIOGA,0.0666024562589744,0,Low
2123-VSCOT,0.0664730836723261,0,Low
2612-PHGOX,0.0664523214405449,0,Low
7109-CQYUZ,0.0664449126180009,0,Low
5232-NXPAY,0.06642560188705292,0,Low
4648-YPBTM,0.06641825782609458,0,Low
5317-FLPJF,0.06639792034004648,0,Low
3649-JPUGY,0.06634392262815568,0,Low
8873-TMKGR,0.06630344535884647,0,Low
7599-NTMDP,0.06629423812328498,0,Low
7026-YMSBE,0.06629328882683024,0,Low
3079-BCHLN,0.06624181540333494,0,Low
3572-UUHRS,0.06622635779730907,0,Low
7872-BAAZR,0.06599927965740812,0,Low
5456-ITGIC,0.0659899737083338,0,Low
4835-YSJMR,0.06596120269812245,0,Low
4334-HOWRP,0.06581422922233024,0,Low
5986-WWXDV,0.0658025816153421,0,Low
7216-KAOID,0.06579434622191649,0,Low
5248-RPYWW,0.06578724953182799,0,Low
7471-WNSUF,0.06576874602278476,0,Low
8565-WUXZU,0.06574255171106262,0,Low
9067-SQTNS,0.06574106239214227,0,Low
9769-TSBZE,0.06574033988815796,0,Low
7996-BPXHY,0.0657308283460968,0,Low
2589-AYCRP,0.06572061295517911,0,Low
9867-XOBQA,0.06569899062929478,0,Low
0771-CHWSK,0.06556799679195523,0,Low
8780-YRMTT,0.06556758478799506,0,Low
5914-GXMDA,0.06554325010941273,0,Low
6177-PEVRA,0.065483924416058,0,Low
3512-IZIKN,0.06548304374800554,0,Low
0562-KBDVM,0.06545511770327382,0,Low
1354-YZFNB,0.0654294252863379,0,Low
8859-YSTWS,0.06539829766715106,0,Low
6732-VAILE,0.06526617325007665,0,Low
6023-GSSXW,0.06526098657855754,0,Low
5627-TVBPP,0.06525667506297655,0,Low
5849-ASHZJ,0.06524618072774142,0,Low
6631-HMANX,0.06524412825001968,0,Low
9509-MPYOD,0.06511952231345985,0,Low
8430-TWCBX,0.06511150624167408,0,Low
5266-PFRQK,0.06506455452046742,0,Low
3398-GCPMU,0.06503811407453591,0,Low
9732-OUYRN,0.06500029911138627,0,Low
5816-JMLGY,0.06490806312647582,0,Low
1194-BHJYC,0.0648669796086525,0,Low
2819-GWENI,0.06481642863588277,0,Low
3280-NMUVX,0.06480107578688374,0,Low
5871-DGTXZ,0.06479022494173577,0,Low
9150-KPBJQ,0.0647773433115907,0,Low
7554-NEWDD,0.06464276660975922,0,Low
9236-NDUCW,0.06463189557071103,0,Low
5788-YPOEG,0.06460010615606575,0,Low
3704-IEAXF,0.06457516223108721,0,Low
7009-PCARS,0.06452771490748103,0,Low
3108-PCCGG,0.06451470150742132,0,Low
1269-FOYWN,0.06448547113684505,0,Low
9888-ZCUMM,0.06442452855781283,0,Low
6339-RZCBJ,0.06440131494189114,0,Low
5519-TEEUH,0.06435634390768662,0,Low
9224-VTYID,0.06435343852931016,0,Low
7779-ORAEL,0.0643364637136491,0,Low
8204-YJCLA,0.06432012894585462,0,Low
1934-MKPXS,0.06422559374982506,0,Low
3146-MSEGF,0.06420114252618286,0,Low
9795-NREXC,0.06417965041507101,0,Low
1734-ZMNTZ,0.06406436320589184,0,Low
2999-AANRQ,0.06400836551790974,0,Low
5583-EJXRD,0.0639007144853711,0,Low
7190-XHTWJ,0.06386719041696315,0,Low
8042-RNLKO,0.06382772427470149,0,Low
8390-FESFV,0.06378146627405708,0,Low
7328-OWMOM,0.06376911564168453,0,Low
7951-QKZPL,0.06367502558935766,0,Low
4381-MHQDC,0.06366889129244757,0,Low
5129-HHMZC,0.06365651976188345,0,Low
5676-CFLYY,0.06361664919438054,0,Low
1837-YQUCE,0.06359217427748853,0,Low
4487-ZYJZK,0.06356579628094225,0,Low
1335-MXCSE,0.06347747005620623,0,Low
6549-BTYPG,0.0634347338734458,0,Low
3486-NPGST,0.06331913139574855,0,Low
9451-WLYRI,0.06330938050321244,0,Low
3967-KXAPS,0.06330343560394773,0,Low
9717-IOAAF,0.06326231537008367,0,Low
0969-RGKCU,0.06319909874964248,0,Low
9824-QCJPK,0.06316132730411515,0,Low
8008-OTEZX,0.06311103096058351,0,Low
5380-XPJNZ,0.06309436770834807,0,Low
6203-HBZPA,0.06309281693329913,0,Low
6563-VRERX,0.0630816701662964,0,Low
9648-BCHKM,0.06306825424159965,0,Low
9479-HYNYL,0.06301863604410167,0,Low
9385-NXKDA,0.06299878146801788,0,Low
7609-YBPXG,0.06298373150841435,0,Low
7321-ZNSLA,0.06293726951283495,0,Low
3638-WEABW,0.06290854061861273,0,Low
4568-KNYWR,0.06286176424012434,0,Low
6439-PKTRR,0.06285715159494105,0,Low
6368-TZZDT,0.06278861742961522,0,Low
0191-EQUUH,0.06278360875477618,0,Low
0902-RFHOF,0.06272729324986401,0,Low
2990-OGYTD,0.0627016877853237,0,Low
1403-LKLIK,0.06266023048678375,0,Low
4039-PIMHX,0.06262974553980118,0,Low
8404-VIOMB,0.06262906797042582,0,Low
4254-QPEDE,0.06257001305222348,0,Low
5840-NVDCG,0.06255972720144731,0,Low
7138-GIRSH,0.06252092023148192,0,Low
3727-OVPRY,0.06240915437784013,0,Low
4915-BFSXL,0.06239344981196827,0,Low
3298-QEICA,0.06237754381208807,0,Low
5924-SNGKP,0.062347373379669405,0,Low
6729-FZWSY,0.06231067343672364,0,Low
5774-QPLTF,0.06230371302273277,0,Low
8766-PAFNE,0.06222387582208962,0,Low
3500-NSDOA,0.06222134736570941,0,Low
9620-QJREV,0.062197902842598254,0,Low
6723-CEGQI,0.06214996914283592,0,Low
1755-FZQEC,0.062135223814081916,0,Low
0383-CLDDA,0.06210432376671532,0,Low
0513-RBGPE,0.06205524666717667,0,Low
7197-VOJMM,0.062042433257341906,0,Low
1722-LDZJS,0.06200584440718311,0,Low
1821-BUCWY,0.06188696886778713,0,Low
8221-HVAYI,0.061857185318830124,0,Low
2560-QTSBS,0.0618459600221225,0,Low
0379-DJQHR,0.06174554990871435,0,Low
5201-CBWYG,0.06173552572171433,0,Low
4962-CHQPW,0.061733958783938045,0,Low
8050-DVOJX,0.061687004941710394,0,Low
3230-IUALN,0.06168618271175247,0,Low
2122-SZZZD,0.061652394848439415,0,Low
8722-PRFDV,0.061587436400832196,0,Low
7508-DQAKK,0.061582524371818034,0,Low
0057-QBUQH,0.061466201519990646,0,Low
9140-CZQZZ,0.061465493787648255,0,Low
2977-CEBSX,0.061461415106221357,0,Low
2995-YWTCD,0.06129506583600272,0,Low
3654-ARMGP,0.061294698426076,0,Low
8626-PTQGE,0.06127140024657447,0,Low
0436-TWFFZ,0.06121600075767208,0,Low
2252-NKNSI,0.06116294132959272,0,Low
6051-PTVNS,0.06115759622932601,0,Low
7054-DMVAS,0.061128452893023225,0,Low
8590-OHDIW,0.06112544079631735,0,Low
0621-TSSMU,0.06111787174182409,0,Low
9602-WCXPI,0.0610631617215684,0,Low
5135-RDDQL,0.06101457496485661,0,Low
6980-CDGFC,0.06096631981463348,0,Low
1599-EAHXY,0.060873057180517665,0,Low
0019-GFNTW,0.060789996073795344,0,Low
8060-HIWJJ,0.060780915815411896,0,Low
7524-VRLPL,0.060693396948134096,0,Low
6258-PVZWJ,0.060659619181315905,0,Low
9108-EQPNQ,0.06062162242862028,0,Low
6681-ZSEXG,0.06050375091759819,0,Low
9798-OPFEM,0.060492951696743735,0,Low
5095-ETBRJ,0.06047256546134569,0,Low
5016-LIPDW,0.060444756428280386,0,Low
1568-BEKZM,0.06038144587046894,0,Low
2662-NNTDK,0.06035665702410947,0,Low
3891-NLXJB,0.060351202798663905,0,Low
5696-JVVQY,0.060337281705410736,0,Low
3544-FBCAS,0.06028980685932436,0,Low
4644-OBGFZ,0.0602796039663213,0,Low
0214-JHPFW,0.06027281097355651,0,Low
8345-MVDYC,0.060169862085398255,0,Low
2253-KPMNB,0.06005284785322251,0,Low
7274-CGTOD,0.06005174184638119,0,Low
9067-YGSCA,0.060043842737080334,0,Low
4994-OBRSZ,0.0600020658530742,0,Low
4312-GVYNH,0.05998687265124641,0,Low
2821-WARNZ,0.059944565419953286,0,Low
8191-XWSZG,0.05984102083419822,0,Low
7527-QNRUS,0.059732622806456054,0,Low
2335-GSODA,0.059652940152362235,0,Low
0916-KNFAJ,0.05960377179511002,0,Low
7196-LIWRH,0.05955840618245044,0,Low
6374-AFWOX,0.059424237826339474,0,Low
7233-PAHHL,0.05933047616496626,0,Low
9178-JHUVJ,0.05931491482682372,0,Low
6369-MCAKO,0.059308737524308805,0,Low
9477-LGWQI,0.05928442330509376,0,Low
8007-YYPWD,0.05923987997801364,0,Low
9110-HSGTV,0.0592087017084169,0,Low
2211-RMNHO,0.05917861825387073,0,Low
4654-ULTTN,0.05914825711652938,0,Low
4849-PYRLQ,0.05909247682151561,0,Low
3813-DHBBB,0.059026442041031926,0,Low
8592-PLTMQ,0.05894152342885621,0,Low
3933-DQPWX,0.05889007875011002,0,Low
3533-UVMOM,0.05888688174318514,0,Low
4955-VCWBI,0.058880507301948895,0,Low
5197-YPYBZ,0.058873636094010535,0,Low
4518-FZBSX,0.05887245127561946,0,Low
9548-LIGTA,0.058820987383784204,0,Low
7799-LGRDP,0.05878601935223578,0,Low
0459-SPZHJ,0.058653115847582836,0,Low
0017-DINOC,0.05863283429101502,0,Low
8395-ETZKQ,0.0585980370598501,0,Low
6922-NCEDI,0.058536905045077005,0,Low
3399-BMLVW,0.058512859312921765,0,Low
8468-FZTOE,0.05850297954810672,0,Low
9668-PUGNU,0.058494857995044267,0,Low
0263-FJTQO,0.05847868030581663,0,Low
9170-ARBTB,0.05839830780966596,0,Low
8242-PDSGJ,0.05834895899698762,0,Low
5726-CVNYA,0.05831222425181547,0,Low
0114-IGABW,0.058175344175394134,0,Low
1972-XMUWV,0.05813337504295891,0,Low
6048-NJXHX,0.058052197635633754,0,Low
3057-VJJQE,0.05802146675500372,0,Low
1982-FEBTD,0.05801545862536147,0,Low
9415-ZNBSX,0.05793195156337069,0,Low
8902-ZEOVF,0.05792938092813203,0,Low
3219-JQRSL,0.057858104376899464,0,Low
0016-QLJIS,0.05785329599017723,0,Low
8241-JUIQO,0.05784897657124303,0,Low
8249-THVEC,0.05780628721328327,0,Low
8125-QPFJD,0.05775671113022194,0,Low
3712-PKXZA,0.05773027247732482,0,Low
3638-VBZTA,0.057726913143161536,0,Low
6762-QVYJO,0.057696018819154586,0,Low
9503-XJUME,0.057675723933203096,0,Low
6064-ZATLR,0.057656513851904595,0,Low
6953-PBDIN,0.057653945015207445,0,Low
9297-EONCV,0.0576223179974205,0,Low
3720-DBRWL,0.05752064822751662,0,Low
0336-KXKFK,0.05749359404938613,0,Low
6418-HNFED,0.05740425650864338,0,Low
2649-HWLYB,0.05739293509375454,0,Low
1187-WILMM,0.057321782844761374,0,Low
1074-WVEVG,0.05728786769462314,0,Low
1897-OKVMW,0.05727859099762247,0,Low
5656-MJEFC,0.05727560353615969,0,Low
6096-EGVTU,0.0572340988264461,0,Low
8587-XYZSF,0.05718251428268701,0,Low
7301-ABVAD,0.05712818728541267,0,Low
7560-QRBXH,0.057098180160617185,0,Low
0754-EEBDC,0.057075312750556634,0,Low
7401-JIXNM,0.05705222645853099,0,Low
8100-PNJMH,0.056991685851828545,0,Low
6463-MVYRY,0.05698707935687036,0,Low
8999-YPYBV,0.05693457378709376,0,Low
3521-HTQTV,0.056900430478436334,0,Low
7665-NKLAV,0.05684939448486654,0,Low
8098-TDCBU,0.056831618227724104,0,Low
9778-OGKQZ,0.0568239716538147,0,Low
9339-FIIJL,0.056693155307494233,0,Low
4967-WPNCF,0.056647243901178215,0,Low
6870-ZWMNX,0.056596599971810976,0,Low
4079-WWQQQ,0.05658831753155872,0,Low
4950-HKQTE,0.05657626760874147,0,Low
1227-UDMZR,0.0565486413552843,0,Low
5003-XZWWO,0.056542353850560174,0,Low
5622-UEJFI,0.056538670503481284,0,Low
8661-BOYNW,0.056518778149558836,0,Low
2987-BJXIK,0.056481411170814885,0,Low
8218-FFJDS,0.05642785862428942,0,Low
6122-EFVKN,0.05636390913547184,0,Low
3166-PNEOF,0.0563343437682082,0,Low
1172-VIYBP,0.05632350068954276,0,Low
0526-SXDJP,0.0562914735275832,0,Low
2176-LVPNX,0.056285841589628904,0,Low
5075-JSDKI,0.05627503640626819,0,Low
2587-YNLES,0.0562365547486853,0,Low
7975-JMZNT,0.05623368684468988,0,Low
8908-NMQTX,0.05619278045711332,0,Low
1971-DTCZB,0.05605643302434258,0,Low
2824-DXNKN,0.05600702402125819,0,Low
6122-LJADA,0.05586866502448666,0,Low
9993-LHIEB,0.05585301982220509,0,Low
8316-BBQAY,0.05577400147298123,0,Low
9481-WHGWY,0.05568449843895151,0,Low
8181-YHCMF,0.05568365122015276,0,Low
4827-DPADN,0.055658908562820616,0,Low
2845-KDHVX,0.055567435607671974,0,Low
3389-KTRXV,0.05553922293868987,0,Low
2725-TTRIQ,0.05549490478859735,0,Low
6916-HIJSE,0.05541886902478933,0,Low
2535-PBCGC,0.055305846183755315,0,Low
4636-TVXVG,0.05526904916414459,0,Low
7706-YLMQA,0.05525192500987721,0,Low
5329-KRDTM,0.055248569127989325,0,Low
6603-YRDCJ,0.05516417994919395,0,Low
7131-ZQZNK,0.055158135371420225,0,Low
5485-ITNPC,0.05515463235536723,0,Low
5980-BDHPY,0.055116542624061585,0,Low
0301-FIDRB,0.05503678625613187,0,Low
1813-JLKWR,0.055033787497227205,0,Low
3227-WLKLI,0.05501022718258182,0,Low
5997-OPVFA,0.05499547251575318,0,Low
8148-NLEGT,0.054913124120504385,0,Low
5130-YPIRV,0.05484860686413482,0,Low
2192-OZITF,0.05483360796260001,0,Low
7337-CINUD,0.054830358603065676,0,Low
4573-JKNAE,0.05473207555199895,0,Low
7284-ZZLOH,0.05466858464493109,0,Low
5751-USDBL,0.05445634456978051,0,Low
4718-WXBGI,0.05441885391826189,0,Low
1535-VTJOQ,0.05438097176861373,0,Low
4077-HWUYD,0.05436205486026416,0,Low
9348-ROUAI,0.0543600996430869,0,Low
6609-MXJHJ,0.054304532847048295,0,Low
3078-ZKNTS,0.054262282598525835,0,Low
3508-VLHCZ,0.054231338091594535,0,Low
5360-XGYAZ,0.05415184487404564,0,Low
9674-EHPPG,0.05412571888270383,0,Low
8295-KMENE,0.054104325016749735,0,Low
0361-HJRDX,0.05409555832475223,0,Low
8148-WOCMK,0.05406745627586636,0,Low
0674-GCDXG,0.05404663457869291,0,Low
4782-OSFXZ,0.054033151756052736,0,Low
2226-ICFDO,0.054004169961654906,0,Low
0848-SOMKO,0.05399754693233545,0,Low
4671-VJLCL,0.05399601798012843,0,Low
5181-OABFK,0.053993658917033394,0,Low
1221-GHZEP,0.05398151879485161,0,Low
0064-SUDOG,0.053974959807887635,0,Low
8039-EQPIM,0.05396332302213147,0,Low
5248-YGIJN,0.05391749190729984,0,Low
7560-QJAVJ,0.05388208561908055,0,Low
1697-LYYYX,0.0538768374546417,0,Low
6656-GULJQ,0.053852923276111186,0,Low
4992-LTJNE,0.053824885262768477,0,Low
4006-HKYHO,0.05381330569472083,0,Low
3717-FDJFU,0.053787812688386734,0,Low
2885-HIJDH,0.05376914990917718,0,Low
3470-OBUET,0.053762356689554154,0,Low
6701-YVNQG,0.05375574779112223,0,Low
2498-XLDZR,0.053713968714684444,0,Low
7781-HVGMK,0.05365939838658206,0,Low
9871-ELEYA,0.053637305082278305,0,Low
1043-YCUTE,0.05336707083632177,0,Low
6828-HMKWP,0.053306640067791025,0,Low
4302-ZYFEL,0.05318224787416476,0,Low
1265-ZFOSD,0.053179657519509815,0,Low
7579-KKLOE,0.05315438017261397,0,Low
9443-JUBUO,0.053064683117639753,0,Low
5275-PMFUT,0.0530601180352812,0,Low
9242-TKFSV,0.053057918831430684,0,Low
1085-LDWAM,0.053037213334804795,0,Low
3889-VWBID,0.0530287859950569,0,Low
6248-BSHKG,0.052946972219884925,0,Low
6418-PIQSP,0.05286486517228753,0,Low
4188-PCPIG,0.05283751040896323,0,Low
2077-DDHJK,0.05282182724926079,0,Low
3084-DOWLE,0.052800516528860614,0,Low
1951-IEYXM,0.0527818256911152,0,Low
7018-FPXHH,0.05276891130121755,0,Low
5227-JSCFE,0.05274959540115402,0,Low
6119-SPUDB,0.05258508093641176,0,Low
5494-WOZRZ,0.05256282172427597,0,Low
2990-IAJSV,0.0525575215636753,0,Low
5680-LQOGP,0.05249840108455603,0,Low
8990-YOZLV,0.052400692150751736,0,Low
5472-CVMDX,0.05240045836405992,0,Low
9639-BUJXT,0.05238140845295721,0,Low
2882-WDTBA,0.052359910328665195,0,Low
0909-SELIE,0.05227993660588115,0,Low
4837-PZTIC,0.05225125313067408,0,Low
5457-COLHT,0.0522265872452869,0,Low
7164-BPTUT,0.05221569136211285,0,Low
5310-NOOVA,0.052204483353629066,0,Low
0420-TXVSG,0.05218920757333717,0,Low
5406-KGRMX,0.052104079273816474,0,Low
5727-MYATE,0.052021674780148235,0,Low
2234-EOFPT,0.05199343535903714,0,Low
4701-LKOZD,0.051993249840811384,0,Low
6625-IUTTT,0.051979968545244185,0,Low
4194-FJARJ,0.05190466564466577,0,Low
0839-JTCUD,0.05187935351376551,0,Low
4872-JCVCA,0.051816950162099515,0,Low
6115-ZTBFQ,0.05177860829383203,0,Low
2017-CCBLH,0.05155765550192609,0,Low
3557-HTYWR,0.05152581072978332,0,Low
0230-WEQUW,0.05145124578631139,0,Low
1088-AUUZZ,0.051446927039283843,0,Low
5158-RIVOP,0.0514251700698434,0,Low
8413-YNHNV,0.05139826739210218,0,Low
3511-BFTJW,0.05139769995593714,0,Low
3546-GHEAE,0.05134615667132207,0,Low
8046-DNVTL,0.05123759459564569,0,Low
1027-LKKQQ,0.051211205573326465,0,Low
3200-MNQTF,0.0511894381942496,0,Low
6741-QRLUP,0.051170194888396345,0,Low
1093-YSWCA,0.05108901235496521,0,Low
8690-ZVLCL,0.05100734837413494,0,Low
2160-GPFXD,0.05100234782558851,0,Low
1459-QNFQT,0.050913854625216616,0,Low
7639-OPLNG,0.05085846392333633,0,Low
0556-FJEGU,0.05079130862998651,0,Low
0123-CRBRT,0.05078325092385641,0,Low
7340-KEFQE,0.050649364875171805,0,Low
1716-LSAMB,0.0506297393216798,0,Low
8146-QQKZH,0.050602353566950836,0,Low
1506-YJTYT,0.05059569320348367,0,Low
7349-ALMUX,0.05057016540151809,0,Low
2451-YMUXS,0.05054114302528521,0,Low
0343-QLUZP,0.050517764361448864,0,Low
7398-HPYZQ,0.05040535254855,0,Low
7722-VJRQD,0.050358224999811685,0,Low
4825-FUREZ,0.05035476391474878,0,Low
2706-QZIHY,0.05033230996619921,0,Low
6408-WHTEF,0.0502947148784187,0,Low
8882-TLVRW,0.0502367051649059,0,Low
6461-SZMCV,0.05018582333675438,0,Low
9135-MGVPY,0.05014913335823053,0,Low
5010-IPEAQ,0.050034749787446695,0,Low
5647-URDKA,0.04998760652406203,0,Low
5148-ORICT,0.04992332733595978,0,Low
5879-HMFFH,0.04991543994189836,0,Low
3796-ENZGF,0.04976675660199796,0,Low
9281-CEDRU,0.04976086869563293,0,Low
1084-MNSMJ,0.049742409551234726,0,Low
0602-DDUML,0.049710981741803495,0,Low
5736-YEJAX,0.04967755741639648,0,Low
2378-YIZKA,0.049669822500457844,0,Low
5117-ZSMHQ,0.04959681123057108,0,Low
8314-HTWVE,0.049555212529979506,0,Low
5296-PSYVW,0.04951801970240776,0,Low
1116-FRYVH,0.0494219114784772,0,Low
3938-YFPXD,0.049402017054656744,0,Low
2162-FRZAA,0.04937832784308944,0,Low
4526-EXKKN,0.04930376482620377,0,Low
0440-EKDCF,0.049288308248593635,0,Low
8606-OEGQZ,0.0492736145706308,0,Low
3050-RLLXC,0.04925716609274644,0,Low
4723-BEGSG,0.049212015169286145,0,Low
9435-JMLSX,0.04921012502268417,0,Low
8388-DMKAE,0.04919877384619134,0,Low
5707-ZMDJP,0.04918484705364484,0,Low
8374-UULRV,0.049171339512882876,0,Low
6885-PKOAM,0.04915109595027496,0,Low
2005-DWQZJ,0.049126536096465015,0,Low
4674-HGNUA,0.04909059662140664,0,Low
8336-TAVKX,0.04908955690101264,0,Low
2194-IIQOF,0.04904696090862424,0,Low
0071-NDAFP,0.04886893360487779,0,Low
5338-YHWYT,0.048862359064138036,0,Low
3352-RICWQ,0.04885755569156701,0,Low
9030-QGZNL,0.04882151517251331,0,Low
5846-NEQVZ,0.04880853932572537,0,Low
8450-LUGUK,0.048772209216679824,0,Low
5993-JSUWV,0.04876298385728359,0,Low
2138-VFAPZ,0.04875285695263279,0,Low
7963-SHNDT,0.04871776108746238,0,Low
7688-AWMDX,0.04870302702040156,0,Low
0744-BIKKF,0.048691041134056645,0,Low
0363-SVHYR,0.04867870148492458,0,Low
5930-GBIWP,0.04865518959395051,0,Low
5067-WJEUN,0.04865082043524542,0,Low
6164-HAQTX,0.04862856953537925,0,Low
0608-JDVEC,0.04852178030897859,0,Low
6169-PGNCD,0.048368918901742566,0,Low
2229-DPMBI,0.04828581672003861,0,Low
9755-JHNMN,0.048285736237390645,0,Low
2296-DKZFP,0.04824172691322715,0,Low
4139-DETXS,0.048170049251422875,0,Low
9489-JMTTN,0.048077342049996585,0,Low
3569-JFODW,0.048076806400282744,0,Low
4973-MGTON,0.048036135474811475,0,Low
0774-RMNUW,0.04798545387460609,0,Low
7408-OFWXJ,0.04783740846523642,0,Low
7873-CVMAW,0.04778599383942268,0,Low
9068-VPWQQ,0.047763814929799336,0,Low
2925-VDZHY,0.047734985695595644,0,Low
1790-NESIO,0.04772298182915084,0,Low
0769-MURVM,0.04771428906079106,0,Low
0730-BGQGF,0.04770180524598274,0,Low
0973-KYVNF,0.04765605588238362,0,Low
0164-XAIRP,0.047633442829207374,0,Low
3262-EIDHV,0.047627164797342005,0,Low
5176-OLSKT,0.04749605777343939,0,Low
1092-WPIVQ,0.04742149921696623,0,Low
8859-AXJZP,0.04736430576865855,0,Low
4475-NVTLU,0.047322289719418424,0,Low
4940-KHCWD,0.04732028393957417,0,Low
4213-HKBJO,0.047312964662606025,0,Low
1775-KWJKQ,0.04728536752144655,0,Low
4883-KCPZJ,0.04726734403762843,0,Low
6288-CHQJB,0.04725047046390362,0,Low
1970-KKFWL,0.047226236619742276,0,Low
2314-TNDJQ,0.04717088575113111,0,Low
6698-OXETB,0.04708765337409501,0,Low
1814-WFGVS,0.046974458707917464,0,Low
5377-NDTOU,0.04695937835283532,0,Low
8338-QIUNR,0.04695642623565777,0,Low
8205-VSLRB,0.046930507228487246,0,Low
6518-KZXCB,0.046925900502086185,0,Low
7101-HRBLJ,0.0468501096372259,0,Low
0224-NIJLP,0.04675004549652263,0,Low
9424-CMPOG,0.04665123364430314,0,Low
0486-LGCCH,0.046521609554742854,0,Low
9286-BHDQG,0.04645863341677744,0,Low
5614-DNZCE,0.04634198877198102,0,Low
1494-EJZDW,0.04633526753003765,0,Low
0238-WHBIQ,0.04633032924304982,0,Low
3486-HOOGQ,0.04631677714741582,0,Low
8908-SLFCJ,0.0462342617249466,0,Low
0607-DAAHE,0.046232810577632816,0,Low
5249-QYHEX,0.046217589519368954,0,Low
7306-YDSOI,0.046167326835454055,0,Low
6695-AMZUF,0.046078495455237393,0,Low
3460-TJBWI,0.04605494669671523,0,Low
1209-VFFOC,0.046040766032285574,0,Low
5057-RKGLH,0.046016088927776914,0,Low
9945-PSVIP,0.045981692128965454,0,Low
5495-GPSRW,0.045843785411094615,0,Low
6199-IPCAO,0.04574197229145825,0,Low
5442-PPTJY,0.04572781224427229,0,Low
3896-ZVNET,0.04569674508072678,0,Low
2954-PIBKO,0.045669645529591824,0,Low
6614-YOLAC,0.0456305733300594,0,Low
5208-FVQKB,0.04559459497246351,0,Low
3884-UEBXB,0.04558833148666607,0,Low
6695-FRVEC,0.0453562577780095,0,Low
9823-EALYC,0.04533653839548352,0,Low
6813-GZQCG,0.04533177654126201,0,Low
3129-AAQOU,0.04532515712002691,0,Low
4291-TPNFG,0.04531617088349926,0,Low
5915-ANOEI,0.045278890876850414,0,Low
8292-ITGYJ,0.045268674779151336,0,Low
5320-BRKGK,0.04524953633366391,0,Low
9091-WTUUY,0.04521341589451293,0,Low
6897-RWMUB,0.045204543007993155,0,Low
9488-FVZCC,0.04519194835696494,0,Low
4102-HLENU,0.04518237351778958,0,Low
4012-YCFAI,0.045098416894034946,0,Low
5115-GZDEL,0.04506777941254742,0,Low
2808-CHTDM,0.04500424614039268,0,Low
7469-LKBCI,0.04490318306646848,0,Low
3902-MIVLE,0.04488569942901872,0,Low
3120-FAZKD,0.04474635642243221,0,Low
5469-NUJUR,0.04472638592720561,0,Low
1266-NZYUI,0.04470176283454137,0,Low
7643-RCHXS,0.04469810623656384,0,Low
7649-SIJJF,0.04459942541572885,0,Low
6323-AYBRX,0.044582281046716965,0,Low
0336-PIKEI,0.044571378247154216,0,Low
6855-VLGOS,0.04449473744629173,0,Low
7596-ZYWBB,0.04424034150407283,0,Low
9795-SHUHB,0.04421881353387082,0,Low
3913-FCUUW,0.04420487507608075,0,Low
4521-WFJAI,0.044171518293006654,0,Low
7921-BEPCI,0.04416515826264683,0,Low
9220-CXRSC,0.04408922612530573,0,Low
5696-EXCYS,0.04397244418331398,0,Low
7139-JZFVG,0.043933931573968535,0,Low
1231-YNDEK,0.04393225609599786,0,Low
7162-WPHPM,0.04378775541675933,0,Low
8207-VVMYB,0.04375126157433905,0,Low
5781-RFZRP,0.04374767154498396,0,Low
7277-KAMWT,0.04372452817583421,0,Low
6585-WCEWR,0.0437154488426958,0,Low
9359-JANWS,0.043649227316009814,0,Low
8143-ETQTI,0.04358124925603671,0,Low
5803-NQJZO,0.04350698941435513,0,Low
2428-HYUNX,0.04348329927999897,0,Low
6925-BAYGL,0.043471246100238635,0,Low
0732-OCQOC,0.04346141961465044,0,Low
2263-SFSQZ,0.04334267946896018,0,Low
9372-TXXPS,0.043342229228730954,0,Low
2333-KWEWW,0.04333963579920341,0,Low
2452-MRMZF,0.04328165762995283,0,Low
8067-NIOYM,0.043212320677989594,0,Low
1089-XZWHH,0.043162262076660296,0,Low
6997-UVGOX,0.04315890027407932,0,Low
8590-YFFQO,0.043100317862569154,0,Low
8069-RHUXK,0.0430264516285354,0,Low
3719-TDVQB,0.04300014052915016,0,Low
8039-ACLPL,0.042918729004392156,0,Low
5322-ZSMZY,0.042910913314542054,0,Low
2235-EZAIK,0.042843926146921035,0,Low
7399-QHBJS,0.04280510028629983,0,Low
9227-UAQFT,0.04279995461619469,0,Low
6348-SNFUS,0.042793288439029444,0,Low
2511-ALLCS,0.04272119863523403,0,Low
6479-VDGRK,0.04271804623823624,0,Low
7596-IIWYC,0.042692077191135325,0,Low
0531-XBKMM,0.042674768198038955,0,Low
6365-HITVU,0.042663834741418764,0,Low
3721-WKIIL,0.0426021896887206,0,Low
5995-LFTLE,0.042465966501518494,0,Low
6384-VMJHP,0.042430951659986685,0,Low
5859-HZYLF,0.04240073033877792,0,Low
4896-CPRPF,0.04238649410392776,0,Low
2908-WGAXL,0.04234054059164669,0,Low
7998-WNZEM,0.04229764536124809,0,Low
3795-GWTRD,0.04220494359960335,0,Low
7860-UXCRM,0.042200259534317885,0,Low
7898-PDWQE,0.0421432829029453,0,Low
9499-XPZXM,0.04214162389415327,0,Low
1676-MQAOA,0.042092043683565165,0,Low
0885-HMGPY,0.041984387979047286,0,Low
4900-MSOMT,0.041983703901389155,0,Low
3266-FTKHB,0.04193222632077711,0,Low
6010-DDPPW,0.0419269604252324,0,Low
3957-SQXML,0.04184257385158638,0,Low
2176-OSJUV,0.04183704267685251,0,Low
5063-IUOKK,0.04177528009614258,0,Low
8234-GSZYK,0.04175176743511832,0,Low
5356-KZCKT,0.04173154479963803,0,Low
0559-CKHUS,0.041727867042763,0,Low
3071-MVJCD,0.04166288893396654,0,Low
2251-PYLPB,0.04165813556773164,0,Low
6518-PPLMZ,0.04159420905599441,0,Low
9453-PATOS,0.04157750796422622,0,Low
9065-ZCPQX,0.04150222550817365,0,Low
0827-ITJPH,0.041487340207096386,0,Low
3948-KXDUF,0.041462449202699016,0,Low
4452-ROHMO,0.04139438778357481,0,Low
9661-JALZV,0.04137636263970573,0,Low
6283-GITPX,0.04136985598584852,0,Low
8807-OPMBM,0.041360506642955236,0,Low
5014-GSOUQ,0.04134349957100578,0,Low
5766-FTRTS,0.04130673379977162,0,Low
9593-CVZKR,0.04125756067157795,0,Low
2799-TSLAG,0.041236172702313674,0,Low
7473-ZBDSN,0.041193214627329264,0,Low
7169-YWAMK,0.04117710045348029,0,Low
7601-DHFWZ,0.0411770662198971,0,Low
7860-KSUGX,0.041156572514467825,0,Low
8626-XHBIE,0.041048601771669475,0,Low
1080-BWSYE,0.04104339694190258,0,Low
0988-AADSA,0.0408666478093831,0,Low
3429-IFLEM,0.04082457502613368,0,Low
3458-IDMFK,0.04074578031189561,0,Low
3525-DVKFN,0.040635736631562946,0,Low
3118-UHVVQ,0.04062874035269693,0,Low
0301-KOBTQ,0.040591454850620115,0,Low
8966-KZXXA,0.040545013812400846,0,Low
6292-TOSSS,0.040522900022831966,0,Low
6253-GNHWH,0.04048422123339659,0,Low
0229-LFJAF,0.040465073318888635,0,Low
4299-OPXEJ,0.0404305429967723,0,Low
4737-AQCPU,0.0403931953193683,0,Low
4625-XMOYM,0.04033843554125789,0,Low
0270-THENM,0.040294357661366534,0,Low
3978-YNKDD,0.04024880554229041,0,Low
9650-VBUOG,0.040145921251130534,0,Low
9114-DPSIA,0.04010960099165333,0,Low
0562-FGDCR,0.04010437872420174,0,Low
2892-GESUL,0.04006961117796012,0,Low
2675-IJRGJ,0.040008329681242544,0,Low
1245-HARPS,0.03994075821054602,0,Low
8619-IJNDK,0.03985215047223278,0,Low
2266-FUBDZ,0.03985174542313549,0,Low
9950-MTGYX,0.039831684629205985,0,Low
0854-UYHZD,0.03964749733620572,0,Low
6407-GSJNL,0.0396253056992302,0,Low
3865-ZFZIB,0.039549943606944034,0,Low
3472-QPRCH,0.03944445489916883,0,Low
2805-AUFQN,0.03942497090343221,0,Low
1328-EUZHC,0.039418980666931794,0,Low
1699-TLDLZ,0.039403621818008557,0,Low
3070-FNFZQ,0.039366715131017124,0,Low
4703-MQYKT,0.03928757654713462,0,Low
6217-KDYWC,0.03912020237753686,0,Low
1843-TLSGD,0.03889658913599789,0,Low
6696-YDAYZ,0.038863076152979605,0,Low
7996-MHXLW,0.03885297497261596,0,Low
3785-KTYSH,0.03879455814009039,0,Low
8874-EJNSR,0.03879388580442636,0,Low
1985-MBRYP,0.038741114725383455,0,Low
2208-NKVVH,0.03871503543314822,0,Low
1073-XXCZD,0.03865256266824567,0,Low
6087-YPWHO,0.03863537212397462,0,Low
6080-LNESI,0.03852643569832681,0,Low
8174-LNWMW,0.03852050523289068,0,Low
2384-OVPSA,0.03847453061457212,0,Low
8464-EETCQ,0.03844403712745194,0,Low
9500-WBGRP,0.03844346014337338,0,Low
1468-DEFNC,0.03841167980917814,0,Low
3284-SVCRO,0.03840857694774944,0,Low
8219-VYBVI,0.03838734264600788,0,Low
5148-HKFIR,0.03835308101311331,0,Low
4884-LEVMQ,0.0383123292654379,0,Low
5044-XDPYX,0.038283525674938805,0,Low
4652-ODEVH,0.03826722195441408,0,Low
7552-KEYGT,0.03825331589675042,0,Low
9385-EHGDO,0.03824554825162581,0,Low
7416-CKTEP,0.03822948007627193,0,Low
0621-CXBKL,0.038215040065496385,0,Low
2418-TPEUN,0.03816453556920066,0,Low
4335-BSMJS,0.03815944513946076,0,Low
1839-FBNFR,0.038130520148598565,0,Low
9764-REAFF,0.03805284934031483,0,Low
5334-AFQJB,0.03805141049824799,0,Low
5171-EPLKN,0.03804261943228372,0,Low
3088-FVYWK,0.03798220380632309,0,Low
9814-AOUDH,0.0379801971308453,0,Low
0354-VXMJC,0.0378986743144312,0,Low
3970-XGJDU,0.03785320758772587,0,Low
5605-XNWEN,0.037845462620639536,0,Low
3646-ITDGM,0.03780810563754913,0,Low
5939-SXWHM,0.03771578914440644,0,Low
7815-PDTHL,0.03767185111377104,0,Low
6265-FRMTQ,0.03761665225698486,0,Low
7205-BAIAD,0.0375827143062816,0,Low
8999-EXMNO,0.03750653662318096,0,Low
7647-GYYKX,0.03744325250304645,0,Low
7113-HIPFI,0.03742772693001802,0,Low
4979-HPRFL,0.037391311880811656,0,Low
1955-IBMMB,0.03730104176384488,0,Low
4698-KVLLG,0.03728205904798951,0,Low
7945-PRBVF,0.03724491103538831,0,Low
9548-LERKT,0.037197097552303854,0,Low
1248-DYXUB,0.0371746774951992,0,Low
5666-MBJPT,0.03717363964120214,0,Low
5968-HYJRZ,0.037165837104164996,0,Low
5699-BNCAS,0.03713910900441085,0,Low
0206-OYVOC,0.03710812092335279,0,Low
7427-AUFPY,0.03709797295645353,0,Low
2560-WBWXF,0.0370648614073336,0,Low
3563-SVYLG,0.03701950608747563,0,Low
2075-PUEPR,0.03701128547471066,0,Low
6770-UAYGJ,0.036995719598488894,0,Low
4804-NCPET,0.036987761737332085,0,Low
3373-DIUUN,0.036948507854780585,0,Low
5542-NKVRU,0.036929614326620244,0,Low
9588-YRFHY,0.03691513775519305,0,Low
9786-YWNHU,0.03683692082792854,0,Low
2888-ADFAO,0.03683317833341652,0,Low
0318-ZOPWS,0.03675685867029617,0,Low
5480-XTFFL,0.036746879590792834,0,Low
0839-QNXME,0.03665662815832625,0,Low
8441-SHIPE,0.036655406298608195,0,Low
2346-CZYIL,0.03659854957161177,0,Low
0463-TXOAK,0.03656167876726118,0,Low
4779-ZGICK,0.03650353865857143,0,Low
3662-FXJFO,0.0364982850512972,0,Low
7977-HXJKU,0.03647934808666507,0,Low
0508-SQWPL,0.03644433549556893,0,Low
6349-JDHQP,0.036434328165258906,0,Low
9631-RXVJM,0.03640191976757268,0,Low
8361-LBRDI,0.03630615302962094,0,Low
1223-UNPKS,0.036258487430726634,0,Low
5549-ZGHFB,0.03623536029298633,0,Low
1635-HDGFT,0.03622506598672899,0,Low
2595-KIWPV,0.03619925301515711,0,Low
8028-PNXHQ,0.03612211545170516,0,Low
2143-LJULT,0.036107679632861246,0,Low
1852-QSWCD,0.03605713238947886,0,Low
1619-YWUBB,0.03603557893619368,0,Low
4534-WGCIR,0.036030950869943165,0,Low
1395-WSWXR,0.03603018554817421,0,Low
3580-GICBM,0.03602540555277505,0,Low
8577-QSOCG,0.03600963582601394,0,Low
4774-HHGGS,0.035907912106557444,0,Low
4335-UPJSI,0.035868225007216537,0,Low
9418-RUKPH,0.035800436597709644,0,Low
1240-HCBOH,0.03579648099795186,0,Low
4018-PPNDW,0.035784787653044756,0,Low
6923-AQONU,0.03577775791387133,0,Low
7850-THJMU,0.03577527927612074,0,Low
2207-RYYRL,0.035774429061622454,0,Low
5231-FIQPA,0.03575729081376715,0,Low
3148-AOIQT,0.035692835000226054,0,Low
4458-KVRBJ,0.035654926017909885,0,Low
0780-XNZFN,0.035634562173575066,0,Low
1657-DYMBM,0.035594225001692764,0,Low
3212-KXOCR,0.03557738022793991,0,Low
1627-AFWVJ,0.03553473676465574,0,Low
1207-BLKSA,0.03550814002161318,0,Low
8173-RXAYP,0.035490105922614174,0,Low
6169-PPETC,0.03544658146099214,0,Low
8532-UEFWH,0.03543743873432491,0,Low
7696-CFTAT,0.035420499491347755,0,Low
9585-KKMFD,0.03537354223466752,0,Low
6614-YWYSC,0.035330769207783976,0,Low
7242-EDTYC,0.03528480959340234,0,Low
3498-LZGQZ,0.03527430211694975,0,Low
2481-SBOYW,0.035268057289418134,0,Low
3612-YVGSJ,0.03526196595470717,0,Low
2642-MAWLJ,0.035242335497194854,0,Low
1399-OUPJN,0.03519731863000042,0,Low
4565-NLZBV,0.035169574702567125,0,Low
3308-DGHKL,0.03516721611945792,0,Low
0040-HALCW,0.03514181874381562,0,Low
7503-EPSZW,0.035110141432958465,0,Low
7293-LSCDV,0.03510970640221134,0,Low
5821-MMEIL,0.03510905269922188,0,Low
2208-MPXIO,0.035100473765765854,0,Low
1087-GRUYI,0.03507245599090742,0,Low
9504-YAZWB,0.03504847234954434,0,Low
7608-RGIRO,0.03500033499763263,0,Low
1926-QUZNN,0.0349957514446976,0,Low
9084-OAYKL,0.03497279496602691,0,Low
7321-KKSDU,0.03496735756785986,0,Low
2961-VNFKL,0.03493607979054072,0,Low
5176-LMJXE,0.034935794956495916,0,Low
4807-IZYOZ,0.034934169584676815,0,Low
6139-ZZRBQ,0.03479427478076681,0,Low
7014-ZZXAW,0.034784692141664963,0,Low
9964-WBQDJ,0.03478087102579103,0,Low
0442-TDYUO,0.034778422709232946,0,Low
7008-LZVOZ,0.03476948045233956,0,Low
6551-VLJMV,0.03473335694821512,0,Low
5115-SQAAU,0.03472958959041662,0,Low
2146-EGVDT,0.03471227270002751,0,Low
7267-FRMJW,0.034663722563495876,0,Low
6917-FIJHC,0.03459781729912101,0,Low
8755-OGKNA,0.03458626108492011,0,Low
5124-EOGYE,0.03458360573902611,0,Low
3451-VAWLI,0.03458318811843206,0,Low
0626-QXNGV,0.034575196274571236,0,Low
3967-VQOGC,0.0345732890082622,0,Low
9624-EGDEQ,0.034528553433395615,0,Low
7480-SPLEF,0.03451166724076346,0,Low
3359-DSRKA,0.03450074932243519,0,Low
5220-AGAAX,0.03448486334698467,0,Low
8859-DZTGQ,0.03446830281538498,0,Low
2228-BZDEE,0.03431749052408975,0,Low
3777-XROBG,0.03430054875441533,0,Low
3769-MHZNV,0.034290715873917806,0,Low
6734-PSBAW,0.034286431183368,0,Low
8917-FAEMR,0.034200295089580814,0,Low
1862-QRWPE,0.03415506532448646,0,Low
4990-ALDGW,0.03413812217211175,0,Low
9392-XBGTD,0.03412900950446988,0,Low
2729-VNVAP,0.03412088077711076,0,Low
3764-MNMOI,0.034090097490377474,0,Low
1302-TPUBN,0.034050484889536006,0,Low
4641-FROLU,0.03403597053383175,0,Low
0932-YIXYU,0.03403438721742115,0,Low
6024-RUGGH,0.03403362406820963,0,Low
2817-LVCPP,0.033969636667903376,0,Low
8540-ZQGEA,0.03396868419930009,0,Low
5567-GZKQY,0.03396148912860277,0,Low
1098-KFQEC,0.033942207916582375,0,Low
8129-GMVGI,0.0339010288473047,0,Low
4176-RELJR,0.03390041349871306,0,Low
5006-MXVRN,0.033890571092659,0,Low
9337-SRRNI,0.03388263515712368,0,Low
1241-FPMOF,0.03386966920398634,0,Low
0362-RAOQO,0.033832612114278585,0,Low
6961-MJKBO,0.03382599356267087,0,Low
9710-NJERN,0.033726672636184514,0,Low
5465-BUBFA,0.03372360003387031,0,Low
2068-WWXQZ,0.03371444461881569,0,Low
2300-RQGOI,0.033695573613191004,0,Low
4635-EJYPD,0.03367111489603536,0,Low
1215-EXRMO,0.033631716999769655,0,Low
6625-FLENO,0.033621179832534605,0,Low
9507-HSMMZ,0.03361878262874572,0,Low
0603-TPMIB,0.03360613630794547,0,Low
9430-NKQLY,0.03358410620524291,0,Low
4609-KNNWG,0.03358112737486373,0,Low
6582-PLFUU,0.03357550513590009,0,Low
7157-SMCFK,0.033574894976730295,0,Low
5296-BFCYD,0.03357216861019066,0,Low
0506-YLVKJ,0.0335626472266854,0,Low
2796-NNUFI,0.03353766546125113,0,Low
0936-NQLJU,0.03352396054942219,0,Low
9257-AZMTZ,0.03350255246447975,0,Low
9938-PRCVK,0.03345409188855082,0,Low
7493-GVFIO,0.0334423866708287,0,Low
3170-NMYVV,0.0334406303759054,0,Low
7729-XBTWX,0.03341900829383618,0,Low
1820-DJFPH,0.03341616771825073,0,Low
9068-FHQHD,0.03341131561790067,0,Low
4933-BSAIP,0.03340576485715942,0,Low
1167-OYZJF,0.03340234914607822,0,Low
0582-AVCLN,0.03335996221702715,0,Low
1270-XKUCC,0.033347618852459106,0,Low
6479-SZPLM,0.033288711153029914,0,Low
9565-AXSMR,0.033278894972472724,0,Low
9135-HSWOC,0.03325554355969519,0,Low
5529-GIBVH,0.03321832241970706,0,Low
7601-GNDYK,0.033209568155471575,0,Low
6425-JWTDV,0.03317885743090209,0,Low
8701-DGLVH,0.03314993212675226,0,Low
5093-FEGLU,0.033149044557627905,0,Low
4625-LAMOB,0.03314157386812579,0,Low
6340-DACFT,0.03306133222284673,0,Low
0625-AFOHS,0.03303701381371406,0,Low
1241-EZFMJ,0.03300836589286033,0,Low
7033-CLAMM,0.03295395953809071,0,Low
3836-FZSDJ,0.0329311714537404,0,Low
8514-VZHEB,0.03289659101498865,0,Low
6134-KWTBV,0.03284836600778365,0,Low
3154-HMWUU,0.03284254175927033,0,Low
3620-EHIMZ,0.032839161649249986,0,Low
3454-JFUBC,0.032825527956026175,0,Low
0795-XCCTE,0.0327907257653584,0,Low
4742-TXUEX,0.032763405859988104,0,Low
6370-ZVHDV,0.03275977669244329,0,Low
5804-JMYIO,0.03275239766211414,0,Low
2900-PHPLN,0.032738754242547845,0,Low
7941-RCJOW,0.03273680677340295,0,Low
1131-QQZEB,0.03273377358530466,0,Low
4735-BJKOU,0.03273272229949289,0,Low
5845-BZZIB,0.03272922114157513,0,Low
8727-JQFHV,0.032714417527421324,0,Low
7167-PCEYD,0.03270094945405985,0,Low
8380-MQINP,0.03265960139472354,0,Low
2007-QVGAW,0.03263497616176743,0,Low
7328-ZJAJO,0.03262759540237818,0,Low
1047-RNXZV,0.032626539031562186,0,Low
8402-OOOHJ,0.032556312858493204,0,Low
2632-TACXW,0.03252606845114766,0,Low
5982-XMDEX,0.03252324665943477,0,Low
3097-FQTVJ,0.03251275895886506,0,Low
1635-NZATJ,0.032472982038931286,0,Low
2400-FEQME,0.032460230831295595,0,Low
5787-KXGIY,0.03244785291297681,0,Low
8735-SDUFN,0.03244610750274936,0,Low
3976-HXHCE,0.03244539735324273,0,Low
9972-EWRJS,0.032440276452358044,0,Low
6000-UKLWI,0.03241662376244893,0,Low
3190-ITQXP,0.03239855370445323,0,Low
1306-RPWXZ,0.03237719081248688,0,Low
5893-KCLGT,0.032372372881697864,0,Low
9087-EYCPR,0.032363617658187765,0,Low
4361-FEBGN,0.032330495982411486,0,Low
2346-LOCWC,0.03231918023080037,0,Low
8957-THMOA,0.032282478146162336,0,Low
9916-AYHTC,0.03226805008077219,0,Low
3457-PQBYH,0.032257846076759224,0,Low
2525-GVKQU,0.0321463233031099,0,Low
6685-XSHHU,0.032139543473916427,0,Low
8711-LOBKY,0.0321341023821122,0,Low
9953-ZMKSM,0.03212603053357943,0,Low
0613-WUXUM,0.03211084366587856,0,Low
3768-VHXQO,0.032036201030591606,0,Low
3696-DFHHB,0.03203551185065037,0,Low
8922-NPKBJ,0.03201309524830815,0,Low
3635-QQRQD,0.032013019898787805,0,Low
9173-IVZVP,0.03200337465414235,0,Low
0281-CNTZX,0.03195539127059788,0,Low
5730-DBDSI,0.031919248939423425,0,Low
4785-FCIFB,0.03190802036615662,0,Low
2626-VEEWG,0.0318630441425702,0,Low
6725-TPKJO,0.031846517505650054,0,Low
7634-HLQJR,0.03177838983222837,0,Low
3873-WOSBC,0.03175960404903753,0,Low
3027-YNWZU,0.03175474658428353,0,Low
9975-GPKZU,0.031647179101626115,0,Low
1705-GUHPV,0.031624121308531435,0,Low
1709-EJDOX,0.03162145478011471,0,Low
9397-TZSHA,0.03160598684395954,0,Low
2072-ZVJJX,0.0315472630999306,0,Low
6762-NSODU,0.03150529463677057,0,Low
5743-KHMNA,0.03150125185040477,0,Low
3913-RDSJZ,0.031455579358042676,0,Low
1106-HRLKZ,0.031435970830567726,0,Low
2718-YSKCS,0.03140824957471874,0,Low
9646-NMHXE,0.0313927176145688,0,Low
6619-RPLQZ,0.0313494700795283,0,Low
4656-CAURT,0.031324319051174165,0,Low
5793-YOLJN,0.031315606986664815,0,Low
6485-QXWWE,0.031286177852546365,0,Low
2097-YVPKN,0.031271628200719374,0,Low
7606-BPHHN,0.031219199466835455,0,Low
8838-GPHZP,0.031207945047524097,0,Low
1767-CJKBA,0.031181016197830223,0,Low
8092-NLTGF,0.031139495740228663,0,Low
5598-IKHQQ,0.031132664914434668,0,Low
2696-RZVZW,0.031110249854094992,0,Low
5846-ABOBJ,0.031066392328710554,0,Low
9371-BITHB,0.031043452990462315,0,Low
0374-FIUCA,0.031036723709392165,0,Low
0971-QIFJK,0.030963292878499145,0,Low
8857-CUPFQ,0.030956435016767554,0,Low
0847-HGRML,0.030945270184820257,0,Low
8164-OCKUJ,0.03094044302716083,0,Low
4589-IUAJB,0.030937806136985768,0,Low
0394-YONDK,0.03089264516186356,0,Low
4443-EMBNA,0.03088597217742515,0,Low
8215-NGSPE,0.030884490878077944,0,Low
5970-GHJAW,0.030868046771002893,0,Low
9081-WWXKP,0.030859682390898237,0,Low
0386-CWRGM,0.03084850178881463,0,Low
2169-RRLFW,0.030847263918634026,0,Low
4878-BUNFV,0.030817017896929613,0,Low
6484-LATFU,0.030813659803046352,0,Low
0485-ZBSLN,0.030801739434605714,0,Low
8780-IHCRN,0.030799198667583412,0,Low
9153-BTBVV,0.03079093829073233,0,Low
7114-AEOZE,0.030787540145034775,0,Low
1987-AUELQ,0.030775828245234553,0,Low
1574-DYCWE,0.030769066990965984,0,Low
9574-BOSMD,0.030729277668892538,0,Low
4231-LZUYM,0.03070703939010097,0,Low
8896-RAZCR,0.03069350085065301,0,Low
7115-IRDHS,0.030689405307787868,0,Low
8749-TZYEC,0.03066707289318831,0,Low
7096-ZNBZI,0.03066036319760523,0,Low
5656-JAMLX,0.030640936618852706,0,Low
4312-KFRXN,0.030578302574922032,0,Low
6857-TKDJV,0.03052923468036818,0,Low
2509-TFPJU,0.030521510634371803,0,Low
4707-MAXGU,0.030520698559679014,0,Low
2230-XTUWL,0.030520556530515282,0,Low
2181-TIDSV,0.030487285712315425,0,Low
8966-SNIZF,0.030452138177715905,0,Low
8747-UDCOI,0.030443610338693094,0,Low
2616-FLVQC,0.030442146748322386,0,Low
5242-UOWHD,0.03041434263212229,0,Low
2569-WGERO,0.03040982481526,0,Low
2050-ONYDQ,0.030291530476045225,0,Low
4836-WNFNO,0.03028612594110231,0,Low
2607-DHDAK,0.03028139793071332,0,Low
4195-PNGZS,0.03027428609062851,0,Low
8544-JNBOX,0.03027268524075214,0,Low
7161-DFHUF,0.030253457626801768,0,Low
5146-YYFRZ,0.03025099408647711,0,Low
8237-ULIXL,0.03023888135020398,0,Low
6734-JDTTV,0.03020211654890892,0,Low
6892-BOGQE,0.030154896717165522,0,Low
9251-AWQGT,0.030152251339318363,0,Low
3973-SKMLN,0.030151865171130245,0,Low
8946-BFWSG,0.030091026421624215,0,Low
1830-IPXVJ,0.03007074377082973,0,Low
7515-LODFU,0.030065796731765317,0,Low
8774-GSBUN,0.030025032611167114,0,Low
1299-AURJA,0.029994496861100582,0,Low
0397-ZXWQF,0.029953060217678743,0,Low
7711-GQBZC,0.02989442884486389,0,Low
6976-BWGLQ,0.029890779526097422,0,Low
3261-CQXOL,0.02984762405128204,0,Low
7558-IMLMT,0.02978829974066464,0,Low
4193-IBKSW,0.029781068147606393,0,Low
2984-RGEYA,0.029753070497027946,0,Low
0402-OAMEN,0.029748321915034535,0,Low
8224-KDLKN,0.02970332286669444,0,Low
7684-XSZIY,0.029698835851536078,0,Low
8165-ZJRNM,0.02969247429465163,0,Low
5884-FBCTL,0.029688044597430407,0,Low
1555-HAPSU,0.029632158176705923,0,Low
0174-QRVVY,0.029593832306886343,0,Low
0562-HKHML,0.029571034767452566,0,Low
6651-RLGGM,0.02948318300543063,0,Low
3507-GASNP,0.02948072628048895,0,Low
3810-PJUHR,0.02943428602459976,0,Low
5848-FHRFC,0.029412462774006838,0,Low
7268-WNTCP,0.029360087273254988,0,Low
6181-AXXYF,0.02930558800690971,0,Low
7225-IILWY,0.02930341716470086,0,Low
0704-VCUMB,0.029254732797400165,0,Low
5902-WBLSE,0.029242289389698146,0,Low
4821-WQOYN,0.029226959905252262,0,Low
0480-KYJVA,0.029203004513055596,0,Low
5799-JRCZO,0.029202534491050466,0,Low
7010-BRBUU,0.02914517498859561,0,Low
8917-SZTTJ,0.029134085205806817,0,Low
6285-FTQBF,0.02912554065228915,0,Low
0962-CQPWQ,0.029105450322908188,0,Low
1460-UZPRJ,0.029090086040071943,0,Low
5854-KSRBJ,0.02907094788451252,0,Low
6963-KQYQB,0.02906816049257923,0,Low
7695-PKLCZ,0.02895830631775778,0,Low
1764-VUUMT,0.02894840060761705,0,Low
2429-AYKKO,0.028922724242844037,0,Low
4086-WITJG,0.028872932777303156,0,Low
3274-NSDWE,0.02887225401127966,0,Low
7980-MHFLQ,0.028831458246105446,0,Low
9365-CSLBQ,0.028828685441548253,0,Low
8347-GDTMP,0.02879979784734111,0,Low
6848-HJTXY,0.02879588884717281,0,Low
9838-BFCQT,0.028772344025426742,0,Low
0505-SPOOW,0.028747082594556307,0,Low
4277-BWBML,0.02868077565988754,0,Low
8232-UTFOZ,0.028649854621278795,0,Low
8434-VGEQQ,0.028642078911983976,0,Low
0825-CPPQH,0.02857770382333502,0,Low
3996-ZNWYK,0.02857328432845155,0,Low
2236-HILPA,0.028504486577397573,0,Low
8750-QWZAJ,0.02845098938807777,0,Low
4817-KEQSP,0.028441691542938435,0,Low
8043-PNYSD,0.028395496986476698,0,Low
2545-LXYVJ,0.028393301365837398,0,Low
9537-JALFH,0.028372051712210324,0,Low
3910-MRQOY,0.028353015762756954,0,Low
7064-JHXCE,0.028339217379925067,0,Low
0042-RLHYP,0.028334019406545924,0,Low
3678-MNGZX,0.02832414886625475,0,Low
7717-BICXI,0.02829748905754464,0,Low
7673-BQGKU,0.028287149608474445,0,Low
9625-RZFUK,0.028277048379689324,0,Low
2804-ETQDK,0.028235686512561208,0,Low
6621-NRZAK,0.028215671522017222,0,Low
0902-XKXPN,0.028194600805351425,0,Low
7083-MIOPC,0.028162139537561658,0,Low
1293-BSEUN,0.02811615847157232,0,Low
6980-IMXXE,0.02806850205502028,0,Low
0784-ZQJZX,0.028030555030728575,0,Low
7463-IFMQU,0.02802341838505261,0,Low
0404-AHASP,0.02799561563015624,0,Low
0640-YJTPY,0.027982191342140177,0,Low
1166-PQLGG,0.027938959442146413,0,Low
0794-YVSGE,0.027916405097128446,0,Low
1945-XISKS,0.027907852825647325,0,Low
1591-XWLGB,0.027883378365138677,0,Low
2848-YXSMW,0.027867198239960016,0,Low
3642-BYHDO,0.02784375194182593,0,Low
0264-CNITK,0.027840281265313696,0,Low
6345-FZOQH,0.027780353868869928,0,Low
8229-BUJHX,0.02775078840252757,0,Low
6060-QBMGV,0.027749004935252383,0,Low
8285-ABVLB,0.027733861838647168,0,Low
9800-OUIGR,0.02770585654075515,0,Low
3774-VBNXY,0.027612165747083348,0,Low
7969-FFOWG,0.02759541676485023,0,Low
0464-WJTKO,0.027572923544669843,0,Low
7876-DNYAP,0.027535037689515953,0,Low
1927-QEWMY,0.02752196904136347,0,Low
3279-DYZQM,0.027460920862577443,0,Low
7602-DBTOU,0.027430753762009374,0,Low
5346-BZCHP,0.027362176059986705,0,Low
1403-GYAFU,0.02735002918534389,0,Low
0831-JNISG,0.027198753485394928,0,Low
4957-SREEC,0.027161926243761278,0,Low
3173-WSSUE,0.027148548750325678,0,Low
6928-ONTRW,0.02712740880137147,0,Low
1052-QJIBV,0.02701346392268384,0,Low
